input,target,predicted
ank,अंक,एंके
anka,अंक,अंका
ankit,अंकित,आंकीत
anakon,अंकों,अनाकों
ankhon,अंकों,आंखों
ankon,अंकों,आंकों
angkor,अंकोर,एंगकर
ankor,अंकोर,एनकोर
angaarak,अंगारक,अंगारक
angarak,अंगारक,अंगारक
angraji,अंग्रज़ी,अंग्रजी
angreji,अंग्रज़ी,अग्रेीजी
angrzi,अंग्रज़ी,अंग्रजी
antah,अंतः,अंतः
antaha,अंतः,अंताहा
antarmukh,अंतर्मुख,अंंतरमुख
antmurkh,अंतर्मुख,अंतरुुख
antrmukh,अंतर्मुख,अंतरमुख
andrabee,अंद्राबी,अंदराबी
andrabi,अंद्राबी,अंदराबी
andha,अंधा,आंधा
andhapan,अंधापन,अंधापन
andheri,अंधेरी,अंधेरी
ambaani,अंबानी,अंबानी
ambani,अंबानी,अंबनी
akram,अकरम,अक्रम
acapulco,अकापुल्को,अकापक्को
akapulko,अकापुल्को,अकापुलको
akhand,अखंड,आखंड
akhil,अखिल,आख़िल
agavai,अगवाई,अगवाई
agvaai,अगवाई,अग्वाई
augustine,अगस्टाइन,आगस्टीन
augustustine,अगस्टाइन,अगस्टस्ट्इन
agsta,अगस्ता,अजस्ता
agusta,अगस्ता,अगुस्ता
augusta,अगस्ता,आगुस्ता
agr,अग्र,एजीर
agra,अग्र,आग्र
achambha,अचंभा,आचंभ
achanbha,अचंभा,अचंभा
achievement,अचीवमेंट,एच्यूवमेंट
achivement,अचीवमेंट,आच्वीमेंट
acchi,अच्छी,अछ्ची
achchi,अच्छी,अच्छि
achhi,अच्छी,अछी
achyut,अच्युत,अछुयूत
achhanera,अछनेरा,अच्छारा
achnera,अछनेरा,अचनेरा
ajmeedh,अजमीढ़,आजमीद
ajhar,अजहर,आजार
azhar,अजहर,आझार
ajit,अजित,अजीत
agnat,अज्ञात,अज्ञान
agyaat,अज्ञात,अज्ञात
agyat,अज्ञात,अज्ञात
atakta,अटकता,अटकता
atkata,अटकता,आटकता
atake,अटके,आटके
atke,अटके,एटके
atwaal,अटवाल,अत्वाल
atwal,अटवाल,अत्वल
attahasa,अट्टहास,अत्ताहासा
atthaas,अट्टहास,अत्थास
atthas,अट्टहास,अत्थास
addon,अड्डों,आद्दों
athak,अथक,अथक
atharv,अथर्व,अथरव
atharva,अथर्व,अथरवा
adad,अदद,आदाद
adaani,अदाणी,अदानी
adani,अदाणी,अदननी
advait,अद्वैत,एडवाइट
adwait,अद्वैत,एडवाइट
advaitvaad,अद्वैतवाद,एडवततवाद
advaitwad,अद्वैतवाद,एडवतिवाद
adhivas,अधिवास,अधिवास
adhiwas,अधिवास,अधिवास
advivas,अधिवास,एडविवास
adhiik,अधीक,आधिक
adhik,अधीक,आधिक
adhyayanarat,अध्ययनरत,अध्ययनररत
adhyayanrat,अध्ययनरत,अध्ययनररत
adhyaynrat,अध्ययनरत,अध्ययनर्त
anant,अनंत,अनंत
ananti,अनंती,अनांति
angadh,अनगढ़,अंगद
angarh,अनगढ़,अंगारह
anchahe,अनचाहे,अंचाहे
anthak,अनथक,अंठक
unthak,अनथक,उंठक
anhoni,अनहोनी,अन्होंी
anaavashyak,अनावश्यक,अनावशयक
anavashyak,अनावश्यक,अनावशयय
anavshyak,अनावश्यक,आनावशयक
anawashyak,अनावश्यक,अनावश्यक
anik,अनिक,अनिक
anishwarvadi,अनीश्वरवादी,अनिश्वर्वादी
anishwarwadi,अनीश्वरवादी,अनिश्वर्वादी
anukoltha,अनुकूलता,अनुकोलथ
anukulata,अनुकूलता,अनुकूलता
anukulta,अनुकूलता,अनुकूलता
anuchit,अनुचित,अनुचित
anuprayogi,अनुप्रयोगों,अनुप्रयोगी
anuprayogon,अनुप्रयोगों,अनुप्रयोगों
anupryogon,अनुप्रयोगों,अनुपयोगों
anureet,अनुरीत,अनुरीत
anurit,अनुरीत,अनुरीत
anuthi,अनूठी,अनुठी
anudit,अनूदित,अनुदित
anyaay,अन्याय,अन्याय
anyay,अन्याय,अन्याय
anyaya,अन्याय,अन्याय
apnani,अपनानी,अपनानी
aparivartanshali,अपरिवर्तनशील,अपरिवर्तनशील
aparivartansheel,अपरिवर्तनशील,अपरिवर्तनशील
aparivartanshil,अपरिवर्तनशील,अपरिवर्तनशील
apariharya,अपरिहार्य,अपरिहार्य
aprihary,अपरिहार्य,अपरिहारी
apriyary,अपरिहार्य,अपरियारी
apavartit,अपवर्तित,अपावर्तित
apvartit,अपवर्तित,अपर््टित
apvtrit,अपवर्तित,अप्तत्रित
apaardarshi,अपारदर्शी,अपरदर्शी
apardarshi,अपारदर्शी,अपरदर्शी
afroj,अफरोज,अफ्रोज
afroz,अफरोज,अफ्रोज
africa,अफ्रीका,अफ्रिका
abbaasi,अब्बासी,आब्बासी
abbasi,अब्बासी,आब्बासी
abhimat,अभिमत,अभिमत
abhishap,अभिशाप,अभिशाप
abhi,अभी,आभी
amjhera,अमझेरा,अमझेरा
amzera,अमझेरा,अमजेरा
amargad,अमरगढ़,अमरगढ़
amargarh,अमरगढ़,अमरगढ़
amarpaal,अमरपाल,अमरपाल
amarpal,अमरपाल,अमरपाल
amarohi,अमरोही,अमरोही
amrohi,अमरोही,अमरोही
amaanat,अमानत,अमानत
amanat,अमानत,अमानत
amanth,अमानत,अमांत
amaanati,अमानती,अमानती
amanathi,अमानती,अमानती
amanati,अमानती,अमानती
amavasya,अमावस्या,अमावस्य
amavsya,अमावस्या,अमावस्य
amit,अमित,अमीट
amitao,अमिताव,अमिताओं
amitav,अमिताव,अमीताव
amuk,अमुक,आमुक
amogh,अमोघ,आमोध
ambani,अम्बानी,अंबनी
ayodhyaanaath,अयोध्यानाथ,अयोध्यानाथ
ayodhyanaath,अयोध्यानाथ,अयोध्यनाथ
ayodhyanath,अयोध्यानाथ,अयोध्यनाथ
ayodhyeanath,अयोध्यानाथ,अयोध्यननाथ
aradas,अरदास,अरादास
ardaas,अरदास,अर्दास
ardas,अरदास,अर्दास
arabab,अरबाब,अरबब
arbab,अरबाब,अरबाब
around,अराउंड,आरोंद
arjent,अर्जेंट,अर्जेंट
urgent,अर्जेंट,उर्जेंट
arth,अर्थ,आर्थ
artha,अर्थ,आर्थ
earth,अर्थ,आर्थ
earthquake,अर्थक्वेक,एयरटीके
arthon,अर्थों,आर्थो
arpit,अर्पित,अर्पित
aryama,अर्यमा,आर्ामा
aryma,अर्यमा,आर्या
arymaa,अर्यमा,आर्मा
alankaar,अलंकार,अलंकार
alankar,अलंकार,अलंकर
alnkaar,अलंकार,अलंकार
alankaaron,अलंकारों,अलंकारों
alankaron,अलंकारों,अलंकारों
alnkaaron,अलंकारों,अलंकारों
alnkaron,अलंकारों,अलंकारों
alagavavadi,अलगाववादी,अलगवाादी
algavvadi,अलगाववादी,अलगवादी
algavwaadi,अलगाववादी,अलगवादी
alive,अलाइव,एलिव
alance,अलायंस,एलांस
alayans,अलायंस,अलायंस
aliance,अलायंस,एलायंस
alind,अलिंद,आलिंड
alai,अली,आलाई
ali,अली,एली
alii,अली,एली
alonso,अलोंसो,एलोंस
aloso,अलोंसो,आलोसो
alphabet,अल्फ़ाबेट,अल्ाबेत
alba,अल्बा,अलबा
avantipur,अवंतिपुर,अवंतीपुर
awantipora,अवंतिपुर,अवाततीपुरा
avaru,अवरु,आवरू
avru,अवरु,आवृ
awaru,अवरु,आवरू
avarodhak,अवरोधक,आवरोधक
avrodhak,अवरोधक,अवरोधक
avrodhk,अवरोधक,अवरोधक
avarnata,अवर्णता,आवर्णता
avarnataa,अवर्णता,आवर्णता
avranta,अवर्णता,अवरंता
avashist,अवशिष्ट,आवशिष्ट
avshisht,अवशिष्ट,अवशिष्ट
awashist,अवशिष्ट,आवशिष्ट
avasthaayen,अवस्थाएं,अवस्थाएं
avsthaen,अवस्थाएं,अवस्थाएं
avsthayen,अवस्थाएं,अवस्थाएं
awasthaen,अवस्थाएं,अवस्थाएं
avi,अवि,एवी
avika,अविका,अविका
aviral,अविरल,अवराल
avirl,अविरल,एवर्ल
avishvaasniy,अविश्वसनीय,अविश्वासनीय
avishvasniy,अविश्वसनीय,आविश्वनसीय
avishvasniya,अविश्वसनीय,आविश्वनसीय
avisvasniya,अविश्वसनीय,अविस्वसीय
aviva,अवीवा,अवीवा
avaigyanic,अवैज्ञानिक,अवैज्ञानिक
avaigyanik,अवैज्ञानिक,अवैज्ञानिक
avegyanik,अवैज्ञानिक,अवैग्नियिक
ashaktataa,अशक्तता,आशक्तता
ashktta,अशक्तता,आश्कता
asharaphi,अशरफी,अशाराफी
ashrafi,अशरफी,अशरफी
ashariri,अशरीरी,अशारीरी
ashriri,अशरीरी,अश्रीरी
ashrvatath,अश्वत्थ,आश्वर्थ
ashvtth,अश्वत्थ,आश्वत्थ
asamaany,असमान्य,असमान्य
asamany,असमान्य,असामान्य
asmanye,असमान्य,असमान्य
asaamnjsy,असामंजस्य,असमजंज्ञ
asamanjasy,असामंजस्य,असमंजस्य
asamanjasya,असामंजस्य,असमंजस्या
asurakshit,असुरक्षित,असुरक्षित
asurkshit,असुरक्षित,असुरक्षित
aset,असेट,एसेट
asset,असेट,एसेट
asvabhavik,अस्वभाविक,अस्वाभाविक
aswabhavik,अस्वभाविक,अस्वाभाविक
aswbhavik,अस्वभाविक,अस्वाभाविक
ahirauli,अहिरौली,अहिराली
item,आइटम,आइटम
items,आइटम्स,आइटम्स
idle,आइडल,आईडल
idol,आइडल,आईडल
icc,आइसीसी,आईसीसी
iso,आइसो,आईएसओओ
ipc,आईपीसी,आईपीसी
ipad,आईपैड,ईपाद
iris,आईरिस,आइरिस
ounce,आउंस,आउंस
aakaash,आकाश,आकाश
aakash,आकाश,आकाश
aake,आके,आके
aakhet,आखेट,आखेत
akhet,आखेट,अखेत
aagat,आगत,आगत
aagaman,आगमन,आगमन
aagman,आगमन,आजमान
aagaa,आग़ा,आगा
aagah,आग़ा,आगाह
agha,आग़ा,आघा
aagaashe,आगाशे,आगाशे
aagashe,आगाशे,आगाशे
agashe,आगाशे,अगाशे
aajmaanaa,आजमाना,आजमाना
aajmana,आजमाना,आजमाना
aazmaanaa,आजमाना,आजमाना
aata,आटा,आता
ata,आटा,अता
atta,आटा,अत्ता
aatmayen,आत्माएं,आत्माएं
atmaen,आत्माएं,आत्मां
aadaan,आदान,आदन
aadan,आदान,आदन
aadhaarit,आधारित,आधारित
aadharit,आधारित,आधारित
adharit,आधारित,आधारित
aadheen,आधीन,आधीन
aadhin,आधीन,आधीन
aadhunik,आधुनिक,आधुनिक
aanad,आनद,आनाद
aanand,आनद,आनंद
anand,आनद,आनंद
aapka,आपका,आपका
aapkaa,आपका,आपका
aapadaaaen,आपदाएं,आपदाएं
aapdaein,आपदाएं,आपदाएं
aapdayein,आपदाएं,आपदाएं
aabantit,आबंटित,आबंंतित
abantit,आबंटित,अबंतित
aabru,आबरू,आबरू
abaru,आबरू,आबारू
aamdan,आमदन,आमदन
amadan,आमदन,अमदान
aamdani,आमदनी,आमदनी
amadani,आमदनी,अमदानी
aamdi,आमदी,आमदी
amdi,आमदी,अमदी
aamod,आमोद,आमोद
amod,आमोद,आमोद
aayenge,आयेंगे,आएंगे
aayojak,आयोजक,आयोजक
ro,आरओ,रो
rp,आरपी,आरपी
aaraam,आराम,आराम
aaram,आराम,आरम
aram,आराम,आरम
aarushi,आरुषि,आरुषि
arushi,आरुषि,अरुषि
artery,आर्टरी,एर्टी
order,आर्डर,ऑर्डर
aary,आर्य,एरी
aarya,आर्य,आर्य
arya,आर्य,आर्य
aaryika,आर्यिका,आर्यिका
aryika,आर्यिका,आर्यिका
aarya,आर्यो,आर्य
arya,आर्यो,आर्य
aryo,आर्यो,आर्यो
aaryan,आर्यों,आर्यन
arya,आर्यों,आर्य
aryon,आर्यों,एरियोन
aalsi,आलसी,आलसी
alasi,आलसी,एलासी
aalochak,आलोचक,आलोचक
alochak,आलोचक,आलोचक
aalochakon,आलोचकों,आलोचकों
alochakon,आलोचकों,आलोचकों
aalha,आल्हा,आल्हा
aalhaa,आल्हा,आल्हा
alha,आल्हा,आल्हा
allah,आल्हा,अल्लाह
aawaazen,आवाज़ें,आवाजें
aawajen,आवाज़ें,आवाजें
awaazen,आवाज़ें,आवाजें
awazen,आवाज़ें,आवाजें
aawajon,आवाज़ों,आवाजों
aawazon,आवाज़ों,आवाजों
awaazon,आवाज़ों,आवाजों
awazon,आवाज़ों,आवाजों
aavishakaar,आविष्कार,आविष्कार
aavishkaar,आविष्कार,आविष्कार
avishkar,आविष्कार,आविष्कार
aavriti,आवृत्ति,आवृतिि
aavritti,आवृत्ति,आवृत्ति
avuti,आवृत्ति,अवूती
aavritiyon,आवृत्तियों,आवृतियों
aavrittiyon,आवृत्तियों,आवृत्तियों
avrutiyon,आवृत्तियों,आवृतियों
aashanka,आशंका,आशंका
ashanka,आशंका,आशंका
aashriton,आश्रितों,आश्रितों
ashriton,आश्रितों,अश्रीतों
aasaan,आसान,आसन
aasan,आसान,आसन
asan,आसान,असन
aastik,आस्तिक,आस्तिक
astik,आस्तिक,आस्तिक
aasteen,आस्तीन,आस्तीन
aastin,आस्तीन,आस्तीन
astin,आस्तीन,एस्टिन
aahnaan,आह्नान,आहनन
aahnan,आह्नान,आहनन
ahyan,आह्नान,आह्वान
england,इंग्लैंड,इंग्लैड
engineer,इंजिनियर,इंजीनियर
introduction,इंट्रोडक्शन,इंट्रोक्क्शन
insurance,इंश्योरेंस,इनसारेंस
ear,इअर,इयर
eyer,इअर,आयर
eon,इआन,इयोन
iaan,इआन,आयन
ekattha,इकट्ठा,इक्ट्ठा
ikattha,इकट्ठा,इक््ठा
ekatthi,इकठ्ठी,इक्ट्ठी
ekthi,इकठ्ठी,एक्ठी
ikatthi,इकठ्ठी,इकट्ठी
ekaee,इकाई,ईकाई
ikai,इकाई,ईकाई
ekaeyon,इकाईयों,इकाइयों
ikaiyon,इकाईयों,ईकाईयों
ikarion,इकाईयों,इकारियों
economic,इकोनोमिक,इकॉनोमिक
ecuador,इक्वाडोर,इक्कॉडर
equador,इक्वाडोर,इक्वाडोर
equities,इक्विटीज,इक्टीजीज
ikvitija,इक्विटीज,इक्वीतजजा
ijaajat,इजाजत,इज़ाजत
ijajat,इजाजत,इज़ाजत
inhalation,इनहेलेशन,इन्हेलेशन
inhaletion,इनहेलेशन,इन्हेलेशन
ibija,इबीजा,आइबीजा
ibiza,इबीजा,आइबीजा
imaging,इमेजिंग,इमैजिंग
immune,इम्युन,इम्यून
elaichi,इलाइची,इलाई
ilaichi,इलाइची,इलाईची
ilayachi,इलाइची,इलयाची
ilayichi,इलाइची,इलयाची
elaaj,इलाज,इलाज
ilaaj,इलाज,इलाज़
ilaj,इलाज,इलाज
ishaak,इशाक,इशाक
ishaaq,इशाक,इशाक
ishak,इशाक,इसहाक
ishaara,इशारा,इशारा
ishaaraa,इशारा,इशारा
ishara,इशारा,इशारा
ishita,इशिता,इशिता
isht,इष्ट,इश्ट
isteefe,इस्तीफे,इस्टीफे
istife,इस्तीफे,इस्टाइफ
ea,ईए,इए
ia,ईए,इए
eater,ईटर,ईटर
iter,ईटर,आइटर
email,ईमेल,इमेल
emailon,ईमेलों,इमेलों
emelon,ईमेलों,एमलों
evening,ईवनिंग,इनेनिंग
east,ईष्ट,ईस्ट
ishat,ईष्ट,इशात
isht,ईष्ट,इश्ट
isaaiyon,ईसाइयों,ईसाईयों
isaiyon,ईसाइयों,ईसाईयों
isayiyon,ईसाइयों,ईसाईयों
ikhrul,उखरुल,इखरूल
ukhrool,उखरुल,उखरूल
ukhrul,उखरुल,उखरुल
uchhalane,उछालने,उछानने
uchhalne,उछालने,उछानने
ujback,उज़्बेक,उजबेक
uzbek,उज़्बेक,उज्बेक
uthane,उठने,उठाने
uthne,उठने,उठने
uthaakar,उठाकर,उठाकर
uthakar,उठाकर,उठाकर
uthaapatak,उठापटक,उठापकत
uthapatak,उठापटक,उठापत्क
uthen,उठें,उठान
udaan,उड़ान,उदान
udan,उड़ान,उड़न
udaanaa,उड़ाना,उड़ना
udana,उड़ाना,उड़ना
udaane,उड़ाने,उड़ने
udane,उड़ाने,उड़ने
udaanen,उड़ानें,उदानें
udanen,उड़ानें,उदानें
udaanon,उड़ानों,उदानों
udanon,उड़ानों,उड़नों
utane,उतने,उतने
utaney,उतने,उतने
utne,उतने,उतने
uttara,उत्तरा,उत्तरा
uttra,उत्तरा,उत्तर
utpan,उत्पन,उत्पन
udant,उदंत,उदांत
udghosh,उदघोष,उद्गोष
udar,उदर,उदार
uda,उदा,उड़ा
udaa,उदा,उड़ा
udakishuganj,उदाकिशुनगंज,उदयकुशगंज
udakishunganj,उदाकिशुनगंज,उदाकिशगंगंज
unatees,उनतीस,यनाटीज
untees,उनतीस,उनटीी
uniyal,उनियाल,उनियल
upadraviyon,उपद्रवियों,उपद्रवायों
updravion,उपद्रवियों,उप्रवर्वों
updraviyon,उपद्रवियों,उप्रवायियों
upadravi,उपद्रवी,उपद्रवी
updravi,उपद्रवी,उप्रवरी
upadrawon,उपद्रवों,उपद्रवों
updravon,उपद्रवों,उप्रवावों
upneta,उपनेता,उपनेता
upabhokta,उपभोक्ता,उपभोक्त
upbhokta,उपभोक्ता,उपभोक्त
uplaksh,उपलक्ष्य,उपलाक्ष
uplakshay,उपलक्ष्य,उपलाष्य
uplakshya,उपलक्ष्य,उपलाक्ष्य
uplabdh,उपलब्ध,उपलब्ध
uplabdhiyon,उपलब्धियों,उपलाबिधियों
uplabdhi,उपलब्धी,उपलबब्धी
upakhyaanon,उपाख्यानों,उपखयनों
upakhyanon,उपाख्यानों,उपखयनों
ubuntu,उबंटू,उबुंट
ubaal,उबाल,उबाल
ubal,उबाल,उबाल
ubhaara,उभारा,उभारा
ubhara,उभारा,उभरा
umanath,उमानाथ,उमानथ
umesh,उमेश,उम्ेश
urf,उर्फ,आूआरएफ
urfa,उर्फ,उर्फा
urff,उर्फ,यूआरएफ
urvarakon,उर्वरकों,उरवारकों
urvarkon,उर्वरकों,उर्वारकों
urwarakon,उर्वरकों,उर्वारकों
urvarata,उर्वरता,उरवरता
urvarta,उर्वरता,उरवारता
urwarta,उर्वरता,उरवारता
ulate,उलटे,उलाटे
ulte,उलटे,उल्टे
ulahana,उलाहना,उलाहाना
ulahna,उलाहना,उलाहना
ulema,उलेमा,उल्मे
ulemaon,उलेमाओं,उल्मेमाओं
usak,उसक,उसक
usaki,उसकी,उसकी
uski,उसकी,उसकी
usmein,उसमें,उसमें
usmen,उसमें,उस्में
usi,उसी,उसी
ustara,उस्तरा,उस्तरा
udharv,ऊर्ध्व,उधार्व
udhrva,ऊर्ध्व,उद्धवा
urdhav,ऊर्ध्व,उर्धाव
ushma,ऊष्मा,उष्मा
rishicool,ऋषिकुल,रिशिकल
rishikul,ऋषिकुल,ऋषिकुल
rushikul,ऋषिकुल,ऋषिकुल
enzyme,एंजाइम,एनिज्म
anton,एंटोन,एंटन
entone,एंटोन,इंटोन
antoni,एंटोनी,अंटोनी
antony,एंटोनी,अंटोनी
endometrial,एंडोमेट्रियल,एंडोड्रेयल
andreas,एंड्रियास,एंड्रीय
als,एएलएस,एल्स
asi,एएसआई,एसी
eksaath,एकसाथ,एकसाथ
eksath,एकसाथ,एक्साथ
ekaki,एकाकी,एकाकी
xm,एक्सएम,एक्सएम
egmor,एगमोर,एजोर
egmore,एगमोर,एजमोर
aj,एजे,एज
agende,एजेंडे,एगेंडे
adp,एडीपी,एडीपी
adain,एडेन,अदैन
aden,एडेन,आड़े
edan,एडेन,ईडन
addi,एड्डी,आद्दी
eddi,एड्डी,एडडी
eddie,एड्डी,एडी
eddy,एड्डी,एडी
apj,एपीजे,अपज
ftii,एफटीआईआई,फ्टी
abbott,एबट,अबॉट
abut,एबट,अबूत
ebt,एबट,एबीटी
abvp,एबीवीपी,एबीएीपी
abbot,एबोट,अब्बोट
abbott,एबोट,अबॉट
mta,एमटीए,मेटीए
mtake,एमटेक,मटाके
mtec,एमटेक,एमटीसी
mtech,एमटेक,मेटेक
emerald,एमरल्ड,एमरल्ड
emrald,एमरल्ड,एमराल्ड
emil,एमिल,एमिल
emile,एमिल,एमिले
emily,एमिल,एमिली
amy,एमी,अमी
emi,एमी,एमी
airway,एयरवे,एयरवे
eyarave,एयरवे,एयरवे
eyarve,एयरवे,एयरवे
error,एरर,एरर
arica,एरिका,एरिका
erica,एरिका,एरिका
erika,एरिका,एरिका
aerobic,एरोबिक,एरोबिक
aerobics,एरोबिक,एरोबिक्स
lte,एलटीई,लेट
lti,एलटीई,लती
allergic,एलर्जिक,एलर्जिक
eliminator,एलिमिनेटर,एलिमिनेटर
aliens,एलियंस,एलायंस
alliance,एलियंस,एलियांस
asian,एशियन,एशियाई
sfc,एसएफसी,एसपीसी
sk,एसके,एसके
spf,एसपीएफ,एसपीएफ
association,एसोसिएशन,एस्सोएसियन
astar,एस्टर,अस्तर
aster,एस्टर,एस्टर
ester,एस्टर,एस्टर
aesthetics,एस्थेटिक,एस्टेटिक्स
asthetic,एस्थेटिक,एस्थेटिक
asfalt,एस्फाल्ट,अस्फाल्ट
asphalt,एस्फाल्ट,असफलत
asphault,एस्फाल्ट,असफफल्ट
ahsaas,एहसास,अहसास
ehsaas,एहसास,एहासास
ehsas,एहसास,एहसास
aisa,एेसा,एसा
eesa,एेसा,इसा
ainth,ऐंठ,ऐंठ
end,ऐंठ,ऐंड
enth,ऐंठ,ऐंठ
ainthey,ऐंठे,ऐंथे
enthe,ऐंठे,ऐंठे
aithan,ऐठन,ऐंठन
ethan,ऐठन,ऐंठन
ethhan,ऐठन,ऐंठन
ail,ऐल,एल
el,ऐल,एल
alaps,ऐल्प्स,आल्प्स
alps,ऐल्प्स,आल्प्स
aise,ऐसे,एस
oxide,ऑक्साइड,ऑक्सीडे
oxy,ऑक्सी,ओक्सी
offers,ऑफर्स,आफर्स
offshor,ऑफशोर,आफशर
offshore,ऑफशोर,आफशियर
official,ऑफिशियल,आफिशियल
okalahoma,ओकलाहोमा,ओकलोहामा
oklahoma,ओकलाहोमा,ओकलाहोमा
oklahoma,ओक्लाहोमा,ओकलाहोमा
ot,ओत,ओटी
opel,ओपेल,ओपेल
obrayan,ओब्रायन,ओबरायन
obrien,ओब्रायन,ओबरीन
oran,ओरण,ओरन
orian,ओरियन,ओरियन
orion,ओरियन,ओरियन
olavrishti,ओलावृष्टि,ओलावृष्टि
ovum,ओवम,ओवम
owem,ओवम,ओवम
oceanic,ओशनिक,ओसिनिक
osaka,ओसाका,ओसा
auchity,औचित्य,उच्छिय
auchitya,औचित्य,उचित्य
audhyogikaran,औद्योगिकरण,औद्योगिकरण
audyogikarana,औद्योगिकरण,औद्योगिकरण
audyogikikaran,औद्योगिकरण,औद्योगिकीकरण
aurangabad,औरंगाबाद,औरंगाबाद
aurora,औरोरा,औरोड़ा
aulakh,औलख,औलख
kankad,कंकड़,काकणडड
kankar,कंकड़,कनकर
kankad,कंकर,काकणडड
kankar,कंकर,कनकर
kangan,कंगन,कंगान
conjunction,कंजंक्शन,कंजकंक्शन
contemporary,कंटेम्पररी,कंट्टोपररी
kanthahar,कंठहार,कंठहर
kanthhar,कंठहार,कंथर
composer,कंपोजर,कंपोजर
kambalon,कंबलों,कांबलों
kanblon,कंबलों,कंबलों
consultant,कंसलटेंट,कंसल्टेंट
kakkad,कक्कड़,कक्कड़
kakkar,कक्कड़,कक्कार
kacche,कच्चे,कच्चे
kachche,कच्चे,कच्चे
karta,कटरा,करता
katra,कटरा,कतरा
cutlery,कटलरी,कटलीरी
katlari,कटलरी,कत्लारी
katlary,कटलरी,कैटलरी
katasaraj,कटासराज,कपसरसाज
kathfodave,कठफोड़वे,कथफोड़ेव
kathfodve,कठफोड़वे,कथफोड़े
kathor,कठोर,कठोर
kathore,कठोर,कठौरे
kanika,कणिका,कनीका
kathai,कत्थई,कथाई
katthai,कत्थई,कट्थाई
katthaii,कत्थई,कट्ठाई
convention,कनवेंशन,कॉन्वेशन
canals,कनाल,कैनल्स
kanaal,कनाल,कनाल
kanal,कनाल,कनाल
kanindham,कनिंघम,कनिंधम
kaningham,कनिंघम,कानिंघम
kanishthika,कनिष्ठिका,कनिष्ठिका
kanishthikaa,कनिष्ठिका,कनिष्ठिका
kanishtika,कनिष्ठिका,कनिष्टिका
kanyaayen,कन्याएं,कन्याएं
kanyaein,कन्याएं,कन्याएं
kanyayen,कन्याएं,कन्याएं
convention,कन्वेंशन,कॉन्वेशन
convocation,कन्वोकेशन,कंन्वोकेशन
cup,कप,कूप
kap,कप,काप
kapda,कपड़ा,कपड़ा
kpada,कपड़ा,कपड़ा
kapdo,कपड़ो,कपड़ो
kapdon,कपड़ो,कपड़ों
kaping,कपिंग,कैपिंग
kping,कपिंग,केपींग
kapolkalpana,कपोलकल्पना,कपॉलकलपपना
kabaddi,कबड्डी,कबादी
kabr,कब्र,कबर
kabra,कब्र,काबरा
kabren,कब्रें,कबरें
kabron,कब्रों,कबरों
kamjor,कमज़ोर,कमजोर
kamzor,कमज़ोर,कमजोर
kamatar,कमतर,कमाटर
kamtar,कमतर,कम्टर
kalamjeet,कमलजीत,कलमजीत
kamaljeet,कमलजीत,कमलजीत
kamaauu,कमाऊ,कमाऊ
kamau,कमाऊ,कमाऊ
kamaate,कमाते,कमाते
kamate,कमाते,कमते
kamere,कमेरे,कमेरे
kmere,कमेरे,कमेरे
karanj,करंज,करंज
kranj,करंज,क्रंज
karanjiya,करंजिया,करणजीय
kardhe,करघे,कर्धे
karghe,करघे,कार्घे
karachana,करछना,कराचना
karchhana,करछना,कर्चना
karna,करना,कर्ण
karpatri,करपात्री,करपत्री
karam,करम,करम
karoor,करूर,करूर
karur,करूर,करूर
karnataka,कर्नाटका,करनाता
karvi,कर्वी,करवी
kurvi,कर्वी,कुर्वी
kalmein,कलमें,कल्में
kalmen,कलमें,कल्में
kalraj,कलराज,कलराज
kalika,कलिका,कालिका
kalpanaon,कल्पनाओं,कल्पनाओं
kalpnaon,कल्पनाओं,कल्पनाओं
kavvaliyon,कव्वालियों,कव्वलियों
qawwaliyon,कव्वालियों,क़व्वालियों
kavvali,कव्वाली,क़व्वाली
qawwali,कव्वाली,क़व्वाली
kashton,कष्टों,काष्ठों
kasarat,कसरत,कसरत
kasrat,कसरत,कसरत
kasara,कसारा,कसरा
kasida,कसीदा,कसीदा
kahane,कहने,कहने
kahne,कहने,कहने
kahlaya,कहलाया,कहलाया
kahaniyon,कहानियों,कहानियों
kile,क़िले,किले
kanji,कांजी,कंजी
cant,कांट,केंट
kant,कांट,कांत
kanti,कांति,कांती
kakoo,काकू,काकू
kaku,काकू,काकू
kaagaj,कागज़,कागज
kaagaz,कागज़,कागज
kagaj,कागज़,कागज
kagaz,कागज़,कागज
kaaji,काजी,काज़ी
kaji,काजी,काजी
kazi,काजी,काजी
qazi,काजी,काजी
kajoo,काजू,काजू
kaju,काजू,काजू
kapadi,कापड़ी,कपड़ी
kapdi,कापड़ी,कपड़ी
kamraj,कामराज,कम्रज
kamottejana,कामोत्तेजना,कमोत्तजना
kamottejna,कामोत्तेजना,कमोटेंजना
kailana,कायलाना,कैलाना
kaylana,कायलाना,कायलाना
carfi,कार्की,कार्फी
karki,कार्की,कर्की
kartik,कार्तिक,कार्तिक
karyakartaon,कार्यकर्ताओं,कार्यकार्ताओं
karykartaaon,कार्यकर्ताओं,कार्यकार्ताओं
karykartaon,कार्यकर्ताओं,कार्यकार्ताओं
karyabhar,कार्यभार,कार्यभभर
karybhar,कार्यभार,कार्यभार
karyarat,कार्यरत,कार्यारत
karyrat,कार्यरत,कार्यारत
kaalpi,कालपी,कालपी
kalapi,कालपी,कलापी
kalpi,कालपी,कल्पी
kalika,कालिका,कालिका
kalighat,कालीघाट,कालीघाट
coldvel,काल्डवेल,कॉल्डवेल
kaldvel,काल्डवेल,कल्डवेल
kaldwell,काल्डवेल,कैलडवेल
kaav,काव,काव
kav,काव,कव
kaasht,काश्त,काष्ठ
kasht,काश्त,काष्ठ
kasim,कासिम,क़ासिम
qasim,कासिम,क़सिम
kasimabad,कासिमाबाद,कासिमाबाद
kiya,किया,किया
kiliyan,किलियन,कीलिया
killat,किल्लत,किल्ट
killi,किल्ली,किली
kisaani,किसानी,किसानी
kisani,किसानी,किसनी
kisanon,किसानों,किसनों
keede,कीड़े,कीड़े
kide,कीड़े,काइड
keynote,कीनोट,कैनोइत
kinote,कीनोट,किनोट
kiratpur,कीरतपुर,कीरतपुर
kundal,कुंडल,कुंडल
kundaliya,कुंडलियाँ,कुंडलिया
kundaliyan,कुंडलियाँ,कुंडलियां
kutta,कुत्ता,कुट्टा
kuposhit,कुपोषित,कुपोषित
kumau,कुमाऊ,कुमाऊ
kumavat,कुमावत,कुमावत
kumawat,कुमावत,कुमावत
kural,कुराल,कुराल
kurmi,कुर्मी,कुर्मी
kursiyon,कुर्सियों,कुर्सियों
kush,कुश,कुश
kushaan,कुषाण,कुशान
kushan,कुषाण,कुशान
kusumalataa,कुसुमलता,कुसुमालता
kusumalta,कुसुमलता,कुसुमालता
kusumlata,कुसुमलता,कुसुमलता
koot,कूट,कूट
kut,कूट,कुट
kritika,कृतिका,कृतका
kpo,केपीओ,केपीओ
canterbari,कैंटरबरी,कैंबरबारी
canterbury,कैंटरबरी,कैंबरीबर
candidate,कैंडिडेट,कैंडिडेट
katrina,कैटरीना,कतरीना
caitlyn,कैटलिन,कैटलिन
cateline,कैटलिन,कैटलिन
catlin,कैटलिन,कैटलिन
cadmium,कैडमियम,कैडमियम
catholic,कैथोलिक,कैथलिक
catholicon,कैथोलिकों,कैथलिकों
kaetholikon,कैथोलिकों,कैथलिकों
capacitor,कैपेसिटर,कैप्सीटर
carat,कैरेट,कारात
cavity,कैविटी,केविटी
cavalry,कैवेलरी,कैवलरी
kaivelari,कैवेलरी,कैवेलरी
complex,कॉम्प्लेक्स,कंप्लैक्स
kocchi,कोच्चि,कोच्छी
kochi,कोच्चि,कोची
corridor,कोरिडोर,कॉरिडोर
corolla,कोरोला,कोरोला
korola,कोरोला,कोरोला
caolan,कोलन,कॉलन
colan,कोलन,कॉलन
colon,कोलन,कॉलों
calling,कोलिंग,कॉलिंग
koling,कोलिंग,कोलिंग
colorado,कोलोराडो,कलरोडो
kolorado,कोलोराडो,कोलोरेडो
kaushal,कौशल,कौशाल
kaushalata,कौशलता,कौशलता
kaushalta,कौशलता,कौशलता
kaushambi,कौशाम्बी,कौशंबी
cute,क्यूट,कुट
quete,क्यूट,क्वेट
cube,क्यूब,क्यूब
cubeck,क्यूबेक,क्बेक
quebec,क्यूबेक,क्यूबेक
cubes,क्यूब्स,क्यूब्स
krantiyon,क्रांतियों,क्रंतियों
cric,क्रिक,क्रिक
crick,क्रिक,क्रिक
cricket,क्रिकेट,क्रिकेट
cricketer,क्रिकेटर,क्रिकेटर
cricketing,क्रिकेटिंग,क्राइकिटिंग
kriyayog,क्रियायोग,क्रियायोग
christian,क्रिश्चयन,क्रिस्चियन
kruger,क्रूगर,क्रूजर
craig,क्रेग,क्रेज
creg,क्रेग,क्रेग
cradle,क्रैडल,क्रैडल
chrom,क्रोम,च्रोम
chrome,क्रोम,क्रोम
client,क्लांइट,क्लाइंट
clock,क्लाक,क्लॉक
clasen,क्लासें,क्लासेन
classen,क्लासें,क्लासेन
classon,क्लासों,क्लासों
clay,क्ले,क्ले
claris,क्लेरिस,क्लेरिस
cleris,क्लेरिस,क्लीरिस
clerys,क्लेरिस,क्लारिस
quantico,क्वांटिको,क्वांटिको
queens,क्वींस,क्वींस
kshitij,क्षितिज,क्षितजीज
shitij,क्षितिज,शीतीज
kshin,क्षीण,क्षीन
shin,क्षीण,शिन
kshetron,क्षेत्रों,क्षेत्रों
shetron,क्षेत्रों,क्षेत्रों
khand,खंडा,खंड
khanda,खंडा,खंडा
khachakhach,खचाखच,खाचकछ
khajarana,खजराना,खजरराना
khajraana,खजराना,खजराना
khajrana,खजराना,खजराना
khatakati,खटकती,खटकती
khatakti,खटकती,खटकती
kihatkati,खटकती,किहकतती
khattapan,खट्टापन,खत्पापन
khat,खत,खट
khani,खनि,खानी
khanik,खनिक,खनिक
khanikarm,खनिकर्म,खनीकर्म
khanikarma,खनिकर्म,खनीकर्मा
khanikarmi,खनिकर्म,खननीर्मी
khapat,खपत,खपट
khariya,खरिया,खािया
khalnayak,खलनायक,खलनायक
khaaskar,ख़ासकर,खासकर
khaskar,ख़ासकर,खसकर
khaastaur,ख़ासतौर,खासतौर
khastaur,ख़ासतौर,खासतौर
khaibar,ख़ैबर,खैबर
khyber,ख़ैबर,खैबर
khaein,खाएं,खाएं
khaen,खाएं,खाएं
khayen,खाएं,खायें
khaate,खाते,खाते
khaatey,खाते,ख़ाते
khate,खाते,खाते
khal,खाल,खल
khinchakar,खिंचकर,खिंचाकर
khinchkar,खिंचकर,खिंचकर
khilana,खिलाना,खिलना
khinchkar,खींचकर,खिंचकर
khuda,खुदा,खुदा
khudai,खुदाई,खुदाई
khurapka,खुरपका,खुरपका
khurpaka,खुरपका,खुरपका
khurasan,खुरासान,खुरासन
khushiyan,खुशियां,खुशियां
khene,खेने,खेने
khaini,खैनी,खैनी
khairati,खैराती,खैरती
khoikhoi,खोईखोई,खोखोो
khoya,खोया,खोया
gangrel,गंगरेल,गैंग्रेल
gangaajal,गंगाजल,गंगाजल
gangajal,गंगाजल,गंगाल
gandaki,गंडकी,गंदकी
gandki,गंडकी,गंदकी
gandh,गंध,गंध
gandha,गंध,गंधा
gae,गए,गाए
gaye,गए,गाये
gajara,गजरा,गाजरा
gajra,गजरा,गजरा
gadkar,गडकर,गड़कर
ganapati,गणपति,गनपती
ganpati,गणपति,गनपती
gatisheel,गतिशील,गतिशील
gatishil,गतिशील,गतिशील
gatishilata,गतिशीलता,गतिशीलता
gadadhar,गदाधर,गदाधर
gammat,गम्मत,गम्मत
gaya,गया,गाया
garibi,गरीबी,गरीबी
garjana,गर्जना,गर्जना
galgand,गलगंड,गलगंड
gahmagahmi,गहमागहमी,गहमहामी
gemhagehmi,गहमागहमी,जेमागमही
ganguly,गांगुली,गंगुल्य
gaanth,गांठ,गांठ
ganth,गांठ,गांथ
gaanthe,गांठे,गांठे
ganthe,गांठे,गंथे
ganthen,गांठें,गंथेन
ganthon,गांठों,गंथों
gaen,गाएं,गाएं
gayen,गाएं,गायें
gazi,गाज़ी,गाजी
gajipur,गाजीपुर,गाज़ीपुर
gazipur,गाजीपुर,गाज़ीपुर
gayatri,गायत्री,गायत्री
gayitri,गायत्री,गायित्री
gaytri,गायत्री,गायत्री
gidgidate,गिड़गिड़ाते,गिडिजाइट
ginate,गिनते,गिनेट
ginte,गिनते,गिनेट
girkar,गिरकर,गिरकार
girijaghar,गिरजाघर,गिरिजाघर
girjaghar,गिरजाघर,गिरजाघर
girijagharon,गिरजाघरों,गिरिजाघरों
girjagharon,गिरजाघरों,गिरजाघरों
girati,गिरती,गिरतती
girti,गिरती,गीरती
girish,गिरीश,गिरिश
guan,गुआन,ग्वान
gujar,गुजार,गुजर
gujarata,गुजारता,गुजराता
gujarta,गुजारता,गुजरता
gujarate,गुजारते,गुजराते
gujarte,गुजारते,गुजरते
gujarana,गुजारना,गुजरना
gujarna,गुजारना,गुजरना
gujara,गुजारा,गुजरा
gujare,गुजारे,गुजरे
gutta,गुट्टा,गुट्टा
gthalidar,गुठलीदार,गलाईदार
guthalidar,गुठलीदार,गुथालीदार
gudna,गुदना,गुड़ना
gumaan,गुमान,गुमान
guman,गुमान,गुमान
gulshan,गुलशन,गुलशान
gunga,गूंगा,गूंगा
grihnagar,गृहनगर,गृहणगर
gruhnagar,गृहनगर,गृहणगर
galaxion,गैलेक्सियों,गैलककसियों
galaxiyon,गैलेक्सियों,गैलक्सियों
galaxyon,गैलेक्सियों,गैलक्सियों
gochar,गोचर,गोचर
gouchar,गोचर,गौचार
godara,गोदारा,गोदरा
gopichand,गोपीचंद,गोपीचंद
gomake,गोमके,गोमके
gomke,गोमके,गोमके
goel,गोयल,गोयल
goyal,गोयल,गोयल
gosvaami,गोस्वामी,गोसवामी
gosvami,गोस्वामी,गोस्वामी
goswami,गोस्वामी,गोसवामी
gaumukh,गौमुख,गौमुख
gomukh,गौमुख,गोमुख
gaumutr,गौमूत्र,गौमुत्र
gaumutra,गौमूत्र,गौमुत्र
gowmutra,गौमूत्र,गौमुत्र
granthiyaan,ग्रंथियां,ग्रांथियां
granthiyan,ग्रंथियां,ग्रांथियां
grandhiyon,ग्रंथियों,ग्रांधियों
granthiyon,ग्रंथियों,ग्रांथियों
greest,ग्रीस्ट,ग्रीस्ट
greist,ग्रीस्ट,ग्रीस्ट
grist,ग्रीस्ट,ग्रीस्ट
greg,ग्रेग,ग्रेग
granite,ग्रेनाइट,ग्रेनाइट
grenite,ग्रेनाइट,ग्रेनाइट
grandson,ग्रैंडसन,ग्रांडससन
gross,ग्रॉस,ग्रास
ghataatop,घटाटोप,घटाटोट
ghatatop,घटाटोप,घटटटोप
ghataayaa,घटाया,घटाया
ghataya,घटाया,घटाया
ghanakar,घनाकार,घनाकर
ghabrahat,घबराहट,घहराहत
ghasi,घासी,घासी
ghisai,घिसाई,घिसाई
ghisi,घिसी,घीसी
ghise,घिसे,घीसे
ghumakkadi,घुमक्कड़ी,घुमक्कड़ी
ghumakkdi,घुमक्कड़ी,घुमक्कड़ी
ghumakkadon,घुमक्कड़ों,घूमककड़ों
ghumakkaron,घुमक्कड़ों,घूमक्करों
ghumakkdon,घुमक्कड़ों,घुमक्कड़ों
ghummakkadon,घुमक्कड़ों,घूम्मकाडों
ghumaan,घुमाण,घुमान
ghuman,घुमाण,घुमान
ghoonsa,घूंसा,घुंसा
ghunsa,घूंसा,घुंसा
ghongha,घोंघा,घोंघा
ghontane,घोंटने,घोंटने
ghontne,घोंटने,घोंटने
ghot,घोट,घोट
ghodi,घोड़ी,घोड़ी
ghost,घोस्ट,घोस्ट
changul,चंगुल,चंगुल
chand,चंद,चांद
chandan,चंदन,चंदन
chandana,चंदन,चांदना
chandu,चंदू,चांडू
chandon,चंदों,चंदों
chandrabali,चंद्रबली,चंद्रबाली
chandramaon,चंद्रमाओं,चंद्रामाओं
chakatte,चकत्ते,चकतते
chaktte,चकत्ते,चक्ते
chakkar,चक्कर,चक्कर
chkkar,चक्कर,चक्रकर
chakshu,चक्षु,चक्षु
chatagaon,चटगांव,चटागांव
chatgaon,चटगांव,चटगांव
chadhane,चढ़ने,चढ़ाने
chadhne,चढ़ने,चढ़ने
chaturdik,चतुर्दिक,चतुर्दिक
chatunshkoniy,चतुष्कोणीय,चंतुनशककीय
chatushkoniy,चतुष्कोणीय,चाुस्कोणीय
chatushkoniya,चतुष्कोणीय,चाुस्कोणीय
channa,चन्ना,चन्ना
chabate,चबाते,चबाते
chabutare,चबूतरे,चबबूते
chabutre,चबूतरे,चाबुतेरे
chamakna,चमकना,चमकनन
chamkana,चमकना,चमकाना
charas,चरस,चरास
charit,चरित,चरित
charcha,चर्चा,चर्चा
churcha,चर्चा,चर्चा
charchaon,चर्चाओं,चर्चाओं
chalenge,चलेंगे,चलेंगे
chlenge,चलेंगे,छेलेंज
chahunaur,चहुंओर,चाहुनूर
chahunor,चहुंओर,चाहुनूर
chanval,चांवल,चांवाल
chanwal,चांवल,चंवाल
chachaji,चाचाजी,चाचाजी
chadar,चादर,चादर
chadaron,चादरों,चड़ारों
chadron,चादरों,चद्रों
chan,चान,चैन
chanan,चानन,चनन
chaplusi,चापलूसी,चालपुसी
chayal,चायल,चायल
char,चार,चर
charon,चारों,चरों
charge,चार्ज,चार्ज
chart,चार्ट,चा्ट
charton,चार्टों,चार्टन
charts,चार्ट्स,चार्ट्स
chaalit,चालित,चालित
chalit,चालित,चलित
chikitsak,चिकित्सक,चिकित्सक
chikitsakon,चिकित्सकों,चिकित्सकों
chikhali,चिखली,चिखली
chiththi,चिट्ठी,चित्थी
chitthi,चिट्ठी,चित्ठी
chithhi,चिठ्ठी,चित्ी
chiththi,चिठ्ठी,चित्थी
chitthi,चिठ्ठी,चित्ठी
chidchidapan,चिडचिडापन,चिड़चड़ापन
chidchidapan,चिड़चिड़ापन,चिड़चड़ापन
chidhate,चिढ़ते,चिड़ते
chidhte,चिढ़ते,चीड़ते
chithrkar,चित्रकार,चित्रकार
chitrkar,चित्रकार,चित्रकार
chipakane,चिपकने,चिपकने
chipakne,चिपकने,चिपकने
chipkane,चिपकने,चिपकने
chimati,चिमटी,चिमटी
chimti,चिमटी,चिमटी
chillane,चिल्लाने,चिलने
chee,ची,ची
chi,ची,ची
chuka,चुका,चूका
chune,चुने,चुने
chunar,चूनर,चुनार
changed,चेंज्ड,चांगेड
chetti,चेट्टी,चेत्ती
chennai,चेन्नई,चेन्नाई
chero,चेरो,चेरो
chest,चेस्ट,चेस्ट
championship,चैंपियनशिप,चैंपिशनिश
chor,चोर,चोर
choro,चोरों,चोरो
choron,चोरों,चोरों
chauk,चौक,चौक
chowk,चौक,चोक
chauka,चौका,चौका
chuka,चौका,चूका
chaukiyan,चौकियां,चौकियां
chauki,चौकी,चौकी
chaukhate,चौखटे,चौखते
chauguni,चौगुनी,चौगुनी
chauda,चौड़ा,चौड़ा
chaudah,चौड़ा,चौदह
chaudahavan,चौदहवां,चौदहवां
chaudhavan,चौदहवां,चौधनव
chaudhawan,चौदहवां,चौधनव
chaupati,चौपाटी,चौपती
chupaty,चौपाटी,चुपात्य
chaupal,चौपाल,चौपाल
chaurai,चौरई,चौराई
chausinga,चौसिंगा,चौसिंगा
chausingha,चौसिंगा,चौसिंघा
chhagan,छगन,छगन
chhabi,छबि,छाबी
chhalla,छल्ला,छल्ला
chhallaa,छल्ला,छल्ला
chhaviyaan,छवियाँ,छावियां
chhaviyan,छवियाँ,छावियां
chhavi,छवी,छावी
cheh,छह,चेह
chhah,छह,छाह
chehon,छहों,चेहों
chhahon,छहों,छाहों
chhai,छाई,छाय
chhagla,छागला,छगला
chhajan,छाजन,छजन
chhaati,छाती,छाती
chhati,छाती,छतती
chhaapemaar,छापेमार,छापेमार
chhapemar,छापेमार,छापेमार
chheenk,छींक,छींक
chhink,छींक,छिंक
chink,छींक,चिंक
chenkein,छींके,चेंकें
chhekein,छींके,छेकें
chhinke,छींके,छिंके
chhinky,छींके,छिंके
chinke,छींके,छिंके
chhudaane,छुडाने,छुड़ाने
chhudane,छुडाने,छुड़ाने
chhupakar,छुपकर,छुपाकर
chhupkar,छुपकर,छुपकर
chhupkr,छुपकर,छुपकर
chhupata,छुपता,छुपता
chhupta,छुपता,छुप्ता
chhuptaa,छुपता,छुप्ता
chhura,छुरा,छुड़ा
chhuraa,छुरा,छुड़ा
chhuree,छुरी,छुड़ी
chhuri,छुरी,छुड़ी
chhure,छुरे,छुड़े
chhootane,छूटने,छूटने
chhutane,छूटने,छुटने
chhutne,छूटने,छुट्ने
chheter,छेत्र,छितर
chhetr,छेत्र,छेत्र
chhetter,छेत्र,छेतर
chhetri,छेत्री,छतत्री
chhetthari,छेत्री,छित्तरी
chhetthri,छेत्री,छित्रही
chai,छै,चाय
chhai,छै,छाय
chhe,छै,छे
jagaega,जगाएगा,जगाएगा
jagayega,जगाएगा,जगाएगा
jaghaega,जगाएगा,जगाएगा
jgaayega,जगाएगा,जगाएगा
jgayegaa,जगाएगा,जगाएगा
jajaon,जजों,जाजाओं
jajon,जजों,जाजों
jad,जड़,जड़
jadd,जड़,जद्द
jaddit,जड़ित,जद्दीत
jadeite,जड़ित,जादेते
jadet,जड़ित,जादेत
jadit,जड़ित,जादित
jadein,जड़ें,जाद़ें
jaden,जड़ें,जादें
jatara,जतरा,जतारा
jatra,जतरा,जत्र
jataati,जताती,जताती
jatatee,जताती,जतती
jatati,जताती,जततती
janagananaa,जनगणना,जनगाना
janaganna,जनगणना,जनगान्
jangadnaa,जनगणना,जनगदना
janganana,जनगणना,जांगणना
janganna,जनगणना,जनगगना
janajagran,जनजागरण,जनजागरण
janjaagran,जनजागरण,जनजाग्रण
janjagran,जनजागरण,जनजाग्रण
january,जनवरी,जननरी
janahaani,जनहानि,जनहानी
janahani,जनहानि,जनहानी
janhaani,जनहानि,जनहानी
janhani,जनहानि,जनहानी
jnhaani,जनहानि,जनहानी
jamaate,जमाती,जमाते
jamaati,जमाती,जमाती
jamati,जमाती,जमती
jamaaya,जमाया,जमाया
jamaeya,जमाया,जमैया
jamaya,जमाया,जमाया
jamayaa,जमाया,जमाया
jamuai,जमुई,जमुई
jamuei,जमुई,जमुई
jamui,जमुई,जमुई
jai,जय,जाई
jay,जय,जाय
jaidayal,जयदयाल,जैदलय
jayadayal,जयदयाल,जयदलय
jaydayal,जयदयाल,जयदलय
jaibaan,जयबाण,जयबान
jaiban,जयबाण,जयबान
jaybaan,जयबाण,जयबान
jayalalita,जयललिता,जयलालित
jayalalitaa,जयललिता,जयलाति
jayalalithaa,जयललिता,जयललीथा
jaylalita,जयललिता,जयलालित
jarakh,जरख,जरख
zarakh,जरख,जरख
jarda,जर्दा,जर्दा
jardaa,जर्दा,जरददा
zarda,जर्दा,जर्दा
jalagati,जलगति,जलागती
jalgati,जलगति,जलतगती
jalgti,जलगति,जलगती
jalte,जलते,जलते
jalbharav,जलभराव,जलभारव
jalbhraav,जलभराव,जलभारव
jalbhrav,जलभराव,जलभहरव
jalvaayu,जलवायु,जलवायु
jalvayu,जलवायु,जलवायु
jalesar,जलेसर,जलेसर
jasmeet,जसमीत,जसमीत
jasmit,जसमीत,जस्मित
jassee,जस्सी,जससी
jassi,जस्सी,जससी
jamaanaa,ज़माना,जमाना
jamana,ज़माना,जमाना
zamaanaa,ज़माना,जमाना
zamana,ज़माना,जममाना
jaljale,ज़लज़ले,जलजले
zalzale,ज़लज़ले,जलजले
zee,ज़ी,जी
jubaan,ज़ुबान,जुबान
juban,ज़ुबान,जुबान
zuban,ज़ुबान,जुबान
jaanch,जाँच,जांच
jaaunch,जाँच,जांच
janch,जाँच,जांच
jaunch,जाँच,जांच
jaagriti,जागृति,जाग्रिति
jagriti,जागृति,जगरीति
jagruti,जागृति,जगरूती
jajamau,जाजमऊ,जजमूऊ
jajmau,जाजमऊ,जजमाऊ
jajmauu,जाजमऊ,जजमाऊ
jaat,जात,जाट
jat,जात,जट
jaatak,जातक,जाटक
jatak,जातक,जटक
jaatakon,जातकों,जाटकों
jaatkon,जातकों,जाटकों
jatakon,जातकों,जटकों
jaatiyon,जातियों,जातियों
jatiyon,जातियों,जातियों
jaankaaron,जानकारों,जानकारों
jaankaron,जानकारों,जानकारों
jankaron,जानकारों,जनकारों
jaanam,जानम,जननम
janam,जानम,जन्म
jaayke,जायके,जायके
jayke,जायके,जाये
jaawar,जावर,जावर
zawar,जावर,जवार
jing,जिंग,जींग
gin,जिन,गिन
jeen,जिन,जीण
jin,जिन,जिन
ginee,जिनी,गिनी
jinee,जिनी,जीनी
jini,जिनी,जीनी
geneva,जिनीवा,जेनेवा
jeneva,जिनीवा,जेनेवा
jiniva,जिनीवा,जीनीवा
gypsy,जिप्सी,जिप्सी
jimme,जिम्मे,जिम्म
jiya,जिया,जीया
gic,जीआईसी,जीईई
gr,जीआर,जीआर
gm,जीएम,जीएम
gsm,जीएसएम,जीएसएम
gtod,जीतोड़,ग्तोड
gtor,जीतोड़,ग्रोर
jeetod,जीतोड़,जीतोड़
jitod,जीतोड़,जीतोड़
jean,जीन,जीएन
jeen,जीन,जीण
jin,जीन,जिन
jeenon,जीनों,जीनों
jinon,जीनों,जीनों
jeepney,जीपनी,जीपने
jipani,जीपनी,जीपनी
jeeyo,जीयो,जीयो
jio,जीयो,जिओ
jiyo,जीयो,जीयो
jeera,जीरा,जीरा
jira,जीरा,जीरा
jeevant,जीवंत,जीवंत
jivant,जीवंत,जीवंत
jeevan,जीवन,जीवन
jeewan,जीवन,जीवन
jivan,जीवन,जीवन
jiwan,जीवन,जीवन
jeevanshaili,जीवनशैली,जीवनशील
jivanshaili,जीवनशैली,जीवनशील
jeevniyaan,जीवनियां,जीवनियां
jivaniya,जीवनियां,जीवनिया
jivaniyaan,जीवनियां,जीवनियां
jivaniyan,जीवनियां,जीवनियां
jeevraaj,जीवराज,जीवराज
jivraj,जीवराज,जीवराज
jua,जुए,जुआ
jue,जुए,जूए
juye,जुए,जूए
jutee,जुटी,जुती
juti,जुटी,जूती
judaai,जुड़ाई,जुडाई
judae,जुड़ाई,जुड़ाई
judai,जुड़ाई,जुडाई
judaai,जुदाई,जुडाई
judai,जुदाई,जुडाई
junoon,जुनून,जूनून
junun,जुनून,जूनू
junooni,जुनूनी,जूनूनी
jununi,जुनूनी,जुनूनी
jubair,जुबेर,जुबैर
juber,जुबेर,ज़ुबैर
zubair,जुबेर,जुबैर
juraab,जुराब,जुराब
jurab,जुराब,जुराब
julaahon,जुलाहों,जुलाहों
julahon,जुलाहों,जुलाहों
julmon,जुल्मों,जुल्मों
zulmon,जुल्मों,जुल्मों
jood,जूड,जूड़
jud,जूड,जूड़
junagadh,जूनागढ,जुनागढ़
junagarh,जूनागढ,जूनागढ़
junior,जूनियर,जुनियर
jealous,जूलूस,जीलोस
juloos,जूलूस,जुलूस
julus,जूलूस,जुलूस
jetha,जेठा,जेठा
jenner,जेनर,जेनर
generic,जेनरिक,जेनेरिक
jenrick,जेनरिक,जेन्रिक
generat,जेनरेट,जननेरट
generate,जेनरेट,जनरेट
jenee,जेनी,जेनी
jenni,जेनी,जेनी
jenny,जेनी,जेनी
james,जेम्स,जेम्स
jeremy,जेरेमी,जेरेमी
gerome,जेरोम,जिरोम
jerome,जेरोम,जैरोम
jacks,जैक्स,जैक्स
jain,जैन,जैन
gene,जैने,जेने
jaine,जैने,जैनें
jaino,जैनों,जैनो
jainon,जैनों,जैनों
jerry,जैरी,जेरी
jasper,जैस्पर,जसपर
jogging,जॉगिंग,जॉगिंग
johnson,जॉनसन,जॉन्सन
jobs,जॉब्स,जॉब्स
jockey,जोकि,जॉकी
joki,जोकि,जोकी
jokhim,जोखिम,जोखिम
joddta,जोड़ता,जोड़ता
jodta,जोड़ता,जोड़ता
jorhta,जोड़ता,जोड़ता
jodiyon,जोड़ियों,जोड़ियों
jodo,जोड़ो,जोडो
jaun,जौं,जौन
gyatavya,ज्ञातव्य,ज्ञातव्य
gyatvy,ज्ञातव्य,ज्ञातव्य
gyapit,ज्ञापित,ज्ञापित
jyotiba,ज्योतिबा,ज्योतिबा
joint,ज्वाइंट,जायंट
jvar,ज्वार,ज्वर
jwar,ज्वार,ज्वर
jvaaron,ज्वारों,जवारों
jvaron,ज्वारों,ज्वारों
jwaron,ज्वारों,ज्वारों
jewellers,ज्वेलर्स,ज्वलर्स
jh,झ,ज
jha,झ,झा
jhalakti,झलकती,झलकती
jhalkati,झलकती,झलकती
jhalla,झल्ला,झलला
jhankana,झांकना,झाकना
jhankna,झांकना,झांकना
jheel,झील,झील
jhil,झील,झिल
jheelon,झीलों,झीलों
jhilon,झीलों,झिलों
jhuthala,झुठला,झुठला
jhuthla,झुठला,झुठला
jhuthalane,झुठलाने,झुठलाने
jhuthlane,झुठलाने,झुठलाने
tankaar,टंकार,टनकार
tankar,टंकार,टैंकर
takara,टकरा,टकरा
takra,टकरा,टकरा
takaraon,टकरावों,टकराओं
takravon,टकरावों,टकरावों
tapakti,टपकती,तपक्ति
tapkati,टपकती,तपकती
time,टाइम,टाइम
timer,टाइमर,टाइमर
taoo,टाऊ,ताऊ
tau,टाऊ,ताऊ
tapoowo,टापुओं,टपूू
tapuon,टापुओं,तपुुं
tapuwo,टापुओं,तपूूव
tied,टायर्ड,टायड
tired,टायर्ड,तायर्ड
tyred,टायर्ड,टायर्ड
tarch,टार्च,टार्च
torch,टार्च,टॉर्च
tik,टिक,टीक
teap,टिप,टीप
tip,टिप,टीप
tippanikar,टिप्पणीकार,तीप्पणिकार
tippnikar,टिप्पणीकार,तिप्पीकर
tivolee,टिवोली,तिवोली
tivoli,टिवोली,तिवोली
teekamgarh,टीकमगढ़,तीकामगढ़
tikamgarh,टीकमगढ़,तीकामगढ़
teekon,टीकों,टीकों
tikon,टीकों,टीकों
two,टु,टू
tension,टेंशन,टेंसन
tenis,टेनिस,टेनिस
tennis,टेनिस,टेनिस
taste,टेस्ट,टस्ते
test,टेस्ट,टेस्ट
tasting,टेस्टिंग,टास्टिंग
testing,टेस्टिंग,टैस्टिंग
tainin,टैनिन,टैनिन
tenin,टैनिन,तेनिन
tanish,टैनिस,तनीश
tennis,टैनिस,टेनिस
taboo,टैबू,तबू
taiboo,टैबू,तैब्ू
taobao,टैबू,तैबो
tonic,टॉनिक,टोनिक
tonga,टोंगा,तोंगा
toka,टोका,टोका
tuesday,ट्यूजडे,ट्यूडे
tuning,ट्यूनिंग,ट्यूनिंग
tuberculosis,ट्यूबरक्यूलोसिस,टुबर्कउकससिस
tuberkyulosis,ट्यूबरक्यूलोसिस,टुब्रोक्लोसिस
truck,ट्रक,ट्रक
trangistor,ट्रांजिस्टर,ट्रांजिस्टर
tranjister,ट्रांजिस्टर,ट्रांजिस्टर
transistor,ट्रांजिस्टर,ट्रांसिस्टर
transfer,ट्रान्सफर,ट्रांसफर
tribunal,ट्रिब्युनल,त्रिब्नल
tribunal,ट्रिब्यूनल,त्रिब्नल
trubyunal,ट्रिब्यूनल,ट्रिब्यूनाल
truth,ट्रुथ,त्रुथ
tuth,ट्रुथ,तूथ
traded,ट्रेडेड,ट्रेडेड
trabal,ट्रेबल,ट्रेबल
trebal,ट्रेबल,ट्रेबल
trouble,ट्रेबल,ट्रबल
traip,ट्रैप,ट्रेप
trap,ट्रैप,ट्रेप
trot,ट्रॉट,ट्रोत
trott,ट्रॉट,ट्रोट
thakkar,ठक्कर,थक्कार
thakkr,ठक्कर,ठककर
thaharne,ठहरने,ठहरने
thahrane,ठहरने,ठहराने
theharne,ठहरने,ठहरने
thikane,ठिकाने,ठिकाने
thumari,ठुमरी,थुमरी
thumri,ठुमरी,थुम्री
theinga,ठेंगा,थेंगा
thenga,ठेंगा,ठेंगा
thengaa,ठेंगा,ठेंगा
daglas,डगलस,दगलास
douglas,डगलस,दोगलास
dabhara,डभरा,दभभा
dabhra,डभरा,दाभरा
dabhoi,डभोई,दाभो
dam,डम,डाम
dum,डम,डमम
darate,डराते,डरते
daratey,डराते,डरते
daravani,डरावनी,दरवानी
darawani,डरावनी,दरवानी
dravani,डरावनी,द्रवानी
down,डाउन,डाउन
daak,डाक,दाक
dak,डाक,डक
daka,डाका,डाका
dabi,डाबी,दबी
dabolim,डाबोलिम,डाबिलिम
dinosaur,डायनासोर,दिनोसोर
diaries,डायरीज,डायरीज
dit,डिट,दीत
depthiriya,डिप्थीरिया,डिप्थिरीय
diphtheria,डिप्थीरिया,दिप्थेरिया
de,डीई,दे
dealership,डीलरशिप,डीलररिशिप
dvc,डीवीसी,डीवीसी
dubaana,डुबाना,दुबाना
dubana,डुबाना,डूबना
dubona,डुबोना,डूबोना
dulne,डुलने,दुलने
doonarpur,डूंगरपुर,दूनपरपुर
doongarpur,डूंगरपुर,दूंगपुर
dungarpur,डूंगरपुर,दुंगपरुर
dungerpur,डूंगरपुर,दंगपरुप
dubana,डूबना,डूबना
dubna,डूबना,डूबना
dangerous,डेंजरस,डेंगररसस
daisy,डेजी,डैस्य
dazy,डेजी,देज्य
deji,डेजी,देजी
deputy,डेप्युटी,डिप्टी
davidson,डेविडसन,डेविज्सन
devidson,डेविडसन,डिविड्सन
davey,डेवी,डेवी
devi,डेवी,दैवी
dewey,डेवी,देवे
destination,डेस्टिनेशन,डेस्टीनेशन
datson,डैटसन,दत्सों
datsun,डैटसन,दत्सून
daddy,डैडी,दद्द्य
dark,डॉर्क,डार्क
dork,डॉर्क,डोर्क
dose,डोज,डोस
domenic,डोमेनिक,डोमेनिक
doranda,डोरंडा,दोरंडा
dolane,डोलने,डोलने
dolne,डोलने,डोलने
dual,ड्युअल,डुएल
duak,ड्यूक,दुआक
duke,ड्यूक,डूके
drame,ड्रामे,ड्रेम
dramen,ड्रामे,ड्रेम
drager,ड्रेजर,ड्रेजर
dredger,ड्रेजर,ड्रेजर
dreijer,ड्रेजर,ड्राइजर
dhakaal,ढकाल,ढकाल
dhakal,ढकाल,ढकाल
dhakkal,ढकाल,धक्काल
dhkal,ढकाल,ढकाल
dhale,ढले,ढाले
dhoondh,ढूंढ,धुंध
dhundh,ढूंढ,धुंध
dhoondhata,ढूंढता,ढूंढता
dhundhata,ढूंढता,ढूंढता
dhundhta,ढूंढता,ढूंढता
dhoondhi,ढूंढी,धूंधी
dhundhi,ढूंढी,धुंधी
tanjavur,तंजावुर,तंजावूर
thanjavur,तंजावुर,तंजावूर
tantr,तंत्र,तंत्र
tantra,तंत्र,तंत्र
tantrikao,तंत्रिकाओं,तंत्रिकाओं
tantrikaon,तंत्रिकाओं,तंत्रिकाओं
tantro,तंत्रों,तंत्रों
tantron,तंत्रों,तंतरों
tagade,तगड़े,तगड़े
tagde,तगड़े,तगड़े
tadipaar,तड़ीपार,तादीपार
tadipar,तड़ीपार,तादीपर
tani,तनी,तननी
tapan,तपन,तापन
tarafa,तरफा,तराफा
tarfa,तरफा,तर्फा
tarabganj,तरबगंज,तरबबगंज
taras,तरस,तरस
taraash,तराश,तराश
tarash,तराश,तराश
tarashay,तराशे,तराशय
tarashe,तराशे,तराशे
tareeko,तरीको,तरीको
tariko,तरीको,ताीको
tark,तर्क,तार्क
tarkvaad,तर्कवाद,तरककवाद
tarkvad,तर्कवाद,तर्कवाद
tarkwaad,तर्कवाद,तरककवाद
tarko,तर्कों,तरको
tarkon,तर्कों,तार्कों
talabgaar,तलबगार,तलबलगार
talabgar,तलबगार,तालाबार
talbagaar,तलबगार,तलबागार
talbagar,तलबगार,तलबागार
talawe,तलवे,तलवे
talve,तलवे,ताल्वे
talawon,तलवों,तलावों
talvon,तलवों,तलवों
tahakhana,तहखाना,तहखाना
tahkhaana,तहखाना,तख्खाना
tahkhana,तहखाना,तहखाना
taantaa,तांता,टांता
tanta,तांता,टांटा
tambe,तांबे,तांबे
tanbe,तांबे,तांबे
taaja,ताजा,ताजा
taajaa,ताजा,ताजा
taaza,ताजा,ताजा
taja,ताजा,ताजा
taza,ताजा,ताजा
tansen,तानसेन,टांसन
taapmaanon,तापमानों,तापमानों
tapmano,तापमानों,तप्मानों
tapmanon,तापमानों,तप्मानों
taapti,ताप्ती,ताप्ती
tapti,ताप्ती,टपटी
tarabai,ताराबाई,तरबाई
taseer,तासीर,तसीर
tasir,तासीर,तसीर
taahi,ताहि,ताही
tahi,ताहि,तही
tikone,तिकोने,टीकोन
tirupati,तिरूपति,तिरुपति
tiwari,तिवारी,तिवाड़ी
ti,ती,टी
teer,तीर,टीयर
tir,तीर,तिर
teeron,तीरों,तीरों
tiron,तीरों,तिरों
tirthatan,तीर्थाटन,तीर्थाान
tungnath,तुंगनाथ,तुंगनाथ
tughlaq,तुगलक,तुगलाक
tuglak,तुगलक,तुगलाक
tughlakabad,तुगलकाबाद,तुगलाबाबाद
tughlaqabad,तुगलकाबाद,तुगलाबाबाद
tuglakabad,तुगलकाबाद,तुगलाबाबाद
tugalaki,तुगलकी,तुगलाकी
tugalki,तुगलकी,तुगलकी
tuglaki,तुगलकी,तुगलाकी
tufail,तुफैल,टुफैल
tejaji,तेजाजी,तेजाज़ी
teji,तेजी,तेज़ी
tel,तेल,टेल
telon,तेलों,टेलों
to,तो,टू
toh,तो,तोह
taul,तौल,टॉल
tyohaar,त्यौहार,त्योहार
tyohar,त्यौहार,त्योहार
tyoihar,त्यौहार,त्योहार
tyauharon,त्यौहारों,त्यौहारों
tyoharon,त्यौहारों,त्योहारों
tyoiharon,त्यौहारों,त्योहारों
trijata,त्रिजटा,त्रिजाता
trijta,त्रिजटा,त्रिजता
triya,त्रिया,त्रिया
tremasik,त्रैमासिक,ट्रेमासिक
trimasik,त्रैमासिक,त्रिमासिक
tse,त्से,टेस
thaki,थकी,थाकी
thki,थकी,ठकी
tharti,थर्टी,थारती
thirty,थर्टी,थर्टी
thane,थाणे,थाने
thaanvi,थानवी,थानवी
thanvi,थानवी,ठन्वी
theateron,थिएटरों,थीएटरों
theatron,थिएटरों,थ्येटरों
theaters,थिएटर्स,थीटर्स
theater,थियेटर,थीटर
theatre,थियेटर,थीटर
theateron,थियेटरों,थीएटरों
theatron,थियेटरों,थ्येटरों
thitron,थियेटरों,थित्रों
theaters,थियेटर्स,थीटर्स
theatrs,थियेटर्स,थीटर्स
thiyeters,थियेटर्स,थायटर्स
thirake,थिरके,थिरके
thirke,थिरके,थर्के
thief,थीफ,थीफ
then,थेन,थें
theni,थेनी,थेनी
thailee,थैली,थैली
thaili,थैली,थैली
thaile,थैले,थैले
dang,दंग,डंग
danga,दंगा,दंगा
dangon,दंगों,दागों
dampati,दंपति,दमपती
danpati,दंपति,दनपती
dampatiyon,दंपतियों,दंपत्तियों
dampattiyon,दंपतियों,दंपत्तियों
danptiyon,दंपतियों,दंपत्तियों
dadreva,ददरेवा,दद्रेवा
dadrewa,ददरेवा,दद्रेवा
damoh,दमोह,दमोह
dardara,दरदरा,दरददारा
dardraa,दरदरा,दरदद्रा
durdhara,दरदरा,दुर्धरा
darmiyaan,दरमियान,दरमियां
darmiyan,दरमियान,दरमियां
darjano,दर्जनों,दरजानों
darjanon,दर्जनों,दरजजनों
darp,दर्प,डर्प
darra,दर्रा,दररा
dalbadal,दलबदल,दलबदल
dalbadl,दलबदल,दलबदल
dali,दली,डाली
dastaanaa,दस्ताना,दस्ताना
dastana,दस्ताना,दस्ताना
dastavej,दस्तावेज,दस्तावेज़
dahan,दहन,दहान
dahal,दहल,दहल
da,दा,डीए
daakhil,दाखिल,दाख़िल
dakhil,दाखिल,दाख़िल
daakhile,दाखिले,दाख़िले
dakhile,दाखिले,दख़िले
daataa,दाता,दाता
data,दाता,डाटा
dadari,दादरी,दादरी
daanshil,दानशील,दानशील
danshil,दानशील,दंशील
daabholkar,दाभोलकर,दाभोलकर
dabholkar,दाभोलकर,दाभोलकर
damale,दामले,दमले
damle,दामले,डमले
dayitv,दायित्व,दययित्व
dayitva,दायित्व,दययत्व
dayitwa,दायित्व,दययित्व
dayitvon,दायित्वों,दययित्वों
dayityon,दायित्वों,दायित्यों
darul,दारूल,दारुल
daav,दाव,दाव
daaw,दाव,दाव
dav,दाव,डीएवी
daw,दाव,डाव
daah,दाह,दाह
dah,दाह,डाह
dikhla,दिखला,दिखला
dikhlaa,दिखला,दिखला
dikhaaiye,दिखाइये,दिखाइए
dikhaiye,दिखाइये,दिखाइए
dikhaai,दिखाई,दिखायी
dikhai,दिखाई,दिखाई
dikhayi,दिखाई,दिखायी
dikhaaee,दिखाईं,दिखाई
dikhaai,दिखाईं,दिखायी
dikhaain,दिखाईं,दिखाइएं
dikhaee,दिखाईं,दिखाई
dikhai,दिखाईं,दिखाई
dikhayin,दिखाईं,दिखायीं
dikhai,दिखायी,दिखाई
dikhayi,दिखायी,दिखायी
dikhaai,दिखार्इ,दिखायी
dikhae,दिखार्इ,दिखाए
dikhai,दिखार्इ,दिखाई
dikhayi,दिखार्इ,दिखायी
dita,दिता,दीता
ditaa,दिता,दिता
dinaank,दिनांक,दिनांक
dinank,दिनांक,डिनांक
dirham,दिरहम,दीरहम
dilaaye,दिलाये,दिलाए
dilaye,दिलाये,दिलय
deewani,दिवानी,दीवानी
diwani,दिवानी,दीवानी
divy,दिव्य,डीवी
divya,दिव्य,दीव्य
divyata,दिव्यता,दीव्यता
divya,दिव्या,दीव्य
deepan,दीपन,दीपान
deepn,दीपन,दीप्न
dipan,दीपन,दीपान
deepsingh,दीपसिंह,डीप्सिंह
dipsingh,दीपसिंह,डिप्सिंह
deepika,दीपिका,दीपिका
dipika,दीपिका,दीपिका
deeya,दीया,दीय
diya,दीया,दिया
dukaanon,दुकानों,दूकानों
dukanon,दुकानों,दूकानों
dukke,दुक्के,डुक्के
dukhan,दुखन,दुखान
dukhit,दुखित,दुखित
dukhiyon,दुखियों,दुखियों
dukhon,दुखों,दुखों
dubhashiyon,दुभाषियों,दुभाषियों
durgun,दुर्गुण,दुर्गुण
durghatna,दुर्घटना,दुर्घटना
durghtna,दुर्घटना,दुर्घटना
duneerti,दुर्नीति,दुनीरती
durniti,दुर्नीति,दूर्णीति
durbhiksh,दुर्भिक्ष,दुर्भिक्ष
duvidhaaen,दुविधाएं,दुविधाएं
duvidhaayein,दुविधाएं,दुविधाएं
duvidhaen,दुविधाएं,दुविधाएं
duwaidhaayein,दुविधाएं,दुवैधाएं
dune,दूने,दूने
doordarshan,दूरदर्शन,दूरदर्शन
durdarshan,दूरदर्शन,दुरदर्शन
dradh,दृढ़,द्रार्ध
dridh,दृढ़,दृध्ध
dekhoge,देखोगे,देखोग
denevaali,देनेवाली,देनेवाली
denevali,देनेवाली,देनेवाली
denewaali,देनेवाली,देनेवाली
denewali,देनेवाली,देनेवाली
deonar,देवनार,डीयनर
devnaar,देवनार,देवनार
devnar,देवनार,देवनार
devaapur,देवापुर,देवापुर
devapur,देवापुर,देवापुर
devi,देवी,दैवी
devisingh,देवीसिंह,डिवीसिंघ
devisinh,देवीसिंह,डिविसिंह
deshkaal,देशकाल,देशकाल
deshkal,देशकाल,देशकाल
deshke,देशके,देशके
desai,देसाई,देसाई
doge,दोगे,डोगे
dvadash,द्वादश,द्वादश
dwaadas,द्वादश,द्वादस
dvivedi,द्विवेदी,द्विवेदी
dwivedi,द्विवेदी,द्विवेदी
dhande,धंधे,धंडे
dhandhe,धंधे,धंधे
dhndhe,धंधे,ढंधे
dhandhon,धंधों,धंधों
dhandon,धंधों,धंडों
dhakelte,धकेलते,धकेलते
dhkelate,धकेलते,ढकलेते
dhatana,धटना,धताना
dhatna,धटना,धतना
dhankuber,धनकुबेर,धनकुबेबर
dhanadhany,धनधान्य,धनाधन्य
dhandhaanya,धनधान्य,धनधान्य
dhandhany,धनधान्य,धनधान्य
dhandhanya,धनधान्य,धनंधय्य
dhamkaataa,धमकाता,धमकाता
dhamkata,धमकाता,धमकता
dhamm,धम्म,धम्म
dhamma,धम्मा,धम्मा
dhammaa,धम्मा,धम्मा
dharmnath,धर्मनाथ,धर्मनाथ
dharmraj,धर्मराज,धर्मराज
dharmesh,धर्मेश,धर्मेश
dhasmaanaa,धस्माना,धस्माना
dhasmana,धस्माना,धससमान
dhaak,धाक,ढाक
dhak,धाक,ढक
dhaaga,धागा,धागा
dhaagaa,धागा,धागा
dhaga,धागा,ढाा
dhaatuein,धातुएं,धातुएं
dhaatuyein,धातुएं,धातुएं
dhtuen,धातुएं,धुतुएं
dhaarak,धारक,धारक
dharak,धारक,धरकक
dhaari,धारी,धारी
dhari,धारी,धारी
dhuan,धुआं,धुंआ
dhunaai,धुनाई,धुंआई
dhunai,धुनाई,धुंआई
dhuriya,धुरिया,धुरिया
dhuriyaa,धुरिया,धुरिया
dhuni,धूनी,धुनी
dhairyavaan,धैर्यवान,धैर्यवान
dhairyawan,धैर्यवान,धैरवयव
dhiryavan,धैर्यवान,धीर्यवान
dhiryawaan,धैर्यवान,धीर्यवान
dhokebaaj,धोखेबाज,धोकेबाज
dhokebaaz,धोखेबाज,धोकेबाज
dhokebaj,धोखेबाज,धोकेबाज
dhokebaz,धोखेबाज,धोकेबाज
dhokhebaaj,धोखेबाज,धोखेबाज
dhokhebaj,धोखेबाज,धोखेबाज
dhona,धोना,ढोना
dhonaa,धोना,ढोना
dhoraaji,धोराजी,धोराजी
dhoraji,धोराजी,धोराजी
dhoron,धोरों,धोरों
dhyeyavaadi,ध्येयवादी,ध्यययवादी
dhyeywadi,ध्येयवादी,ध्येयवादी
dyeyvadi,ध्येयवादी,द्यावादी
dhrupad,ध्रुपद,ध्रपूद
drupad,ध्रुपद,द्रुपद
nandanvan,नंदनवन,नंदनवान
nadsa,नक्सल,नदसा
naksal,नक्सल,नक्शल
naxal,नक्सल,नाक्सल
naksalavaad,नक्सलवाद,नकलकवाद
naksalwaad,नक्सलवाद,नकलकवाद
naksalwad,नक्सलवाद,नकलकवाद
naxalvaaad,नक्सलवाद,नकलकवाद
naxalwaad,नक्सलवाद,नककलवााद
naksaliyon,नक्सलियों,नकलालियों
naxaliyon,नक्सलियों,नकल्यियों
naksali,नक्सली,नकसाी
naxali,नक्सली,नकली
nagaada,नगाड़ा,नगादा
nagaadaa,नगाड़ा,नगादा
nagaaraa,नगाड़ा,नगारा
nageene,नगीने,नगगने
nagine,नगीने,नैगनन
najarandaaj,नजरंदाज,नजरअंदाज
najarandaaz,नजरंदाज,नजरअंदाज
nazarandaaj,नजरंदाज,नजरअंदाज
nazarandaaz,नजरंदाज,नजरअंदाज
nazarandaz,नजरंदाज,नजरअंदाज
najraane,नजराने,नज़ाने
nazraane,नजराने,नज़राने
najariyon,नजरियों,नजरियों
najriyon,नजरियों,नजरियों
najron,नजरों,नजरों
najeeb,नजीब,नाजीब
najib,नजीब,नाजिब
najibabaad,नजीबाबाद,नाजीबाबाद
najibabad,नजीबाबाद,नाजीबाबाद
najeem,नजीम,नजीम
najim,नजीम,नज़िम
nazeem,नजीम,नजीम
nana,नना,नना
nanaa,नना,नाना
nna,नना,नएनए
nanhe,नन्हें,नन्हे
nanhein,नन्हें,नन्हें
nabj,नब्ज़,नब्ज
nabja,नब्ज़,नब्जा
nabz,नब्ज़,नब्ज
namkeen,नमकीन,नमकीन
namkin,नमकीन,नमकीन
narnaari,नरनारी,नरनारी
narnari,नरनारी,नरनारी
narbhakshi,नरभक्षी,नर्भक्षी
naram,नरम,नाराम
narm,नरम,नर्म
narmi,नरमी,नर्मी
narsanhar,नरसंहार,नरसंहर
narsanharon,नरसंहारों,नरसंहरों
november,नवंबर,नवर्बर
navketan,नवकेतन,नवकेतन
navjaagaran,नवजागरण,नवजावरण
navjagran,नवजागरण,नवजाग्रण
navdha,नवधा,नवधा
navvadhoo,नववधू,नववाधू
navvadhu,नववधू,नववाधू
nava,नवा,नवा
navaa,नवा,नवा
navate,नवाते,नावटे
navanagar,नवानगर,नवनगर
nawanagar,नवानगर,नवनगर
navya,नव्या,नव्य
naseem,नसीम,नसीम
nasim,नसीम,नासिम
nights,नाइट्रस,नाइट्स
nitrous,नाइट्रस,नाइट्रूअस
nineteez,नाइनटीज,नीनीटीज
nineties,नाइनटीज,नीइटीजीज
ninties,नाइनटीज,निंटीज
nau,नाऊ,नौ
nauu,नाऊ,नौ
naakaam,नाकाम,नाकाम
nakam,नाकाम,नकम
naagrik,नागारिक,नागरिक
nagarik,नागारिक,नागरिक
nagrik,नागारिक,नागरिक
nagin,नागिन,नागिन
nadep,नाडेप,नेड्प
nanak,नानक,नानक
nanavati,नानावती,नानावटी
napane,नापने,नापने
napne,नापने,नापने
napa,नापा,नापा
naam,नाम,नाम
naamdhari,नामधारी,नामधारी
namdhari,नामधारी,नामधारी
namankano,नामांकनों,नमानकों
namankanon,नामांकनों,नमानकों
namavaliyon,नामावलियों,नमावलियों
naamo,नामो,नामो
namo,नामो,नमो
nayak,नायक,नायक
naraji,नाराजी,नाराजी
naraingarh,नारायणगढ़,नारींगढ़
narayangadh,नारायणगढ़,नारायणगढ़
narayangarh,नारायणगढ़,नारायणगढ़
naasar,नासर,नासर
nahargadh,नाहरगढ,नहरगढ़
nahargarh,नाहरगढ,नहरगढ़
nikalegi,निकलेगी,निकालेगी
nikalogi,निकलेगी,निकालगी
nikaalani,निकालनी,निकालनी
nikaalni,निकालनी,निकालनी
nikalani,निकालनी,निकलनी
nikalni,निकालनी,निकलनी
nicki,निकी,नीकी
nicky,निकी,नीक्की
niki,निकी,नीकी
niketan,निकेतन,निकेतन
nikhar,निखर,निखर
nikhari,निखरी,निखरी
nigar,निगर,नीगर
nigger,निगर,निग्
nichala,निचला,निचला
nichalaa,निचला,निचला
nichla,निचला,निचला
nitiyon,नितियों,नीतियों
nitya,नित्या,नित्य
nityaa,नित्या,नित्या
nidhaan,निधान,निधान
nidhan,निधान,निधन
nipatara,निपटारा,निपटरा
niptaara,निपटारा,निपटारा
niptaaraa,निपटारा,निपटारा
niptara,निपटारा,निपटारा
niyanta,नियंता,नियंता
niyantaa,नियंता,नियंता
niya,निया,निया
niyaa,निया,निया
nirdeshika,निर्देशिका,निर्देशिका
nirdeshikaa,निर्देशिका,निर्देशिका
nirdhaarit,निर्धारित,निर्धारित
nirdharit,निर्धारित,निर्धारित
nirbaadh,निर्बाध,निर्बाध
nirbadh,निर्बाध,निर्बाध
niveshakartaa,निवेशकर्ता,निवेक्षरता
niveshkarta,निवेशकर्ता,निवेक्रता
niveshkartaa,निवेशकर्ता,निवेक्रता
nischal,निश्चल,निस्चल
nishchal,निश्चल,निश्चल
nishnaat,निष्णात,निश्नात
nishpaap,निष्पाप,निष्पाप
nihalaani,निहलानी,निहालनी
nihlaani,निहलानी,निहलानी
nihlani,निहलानी,निहलानी
nihaalchand,निहालचंद,निहालचंद
nihalchand,निहालचंद,निहालचंद
neechaaee,नीचाई,नीचाई
nichaai,नीचाई,निचाई
neat,नीट,नीट
neet,नीट,नीत
neetiyon,नीतियों,नीतियों
nitiyon,नीतियों,नीतियों
neelagaay,नीलगाय,नीलगाय
nilgai,नीलगाय,नीलगाई
neelaabh,नीलाभ,नीलाभ
nilaabh,नीलाभ,नीलाभ
nilabh,नीलाभ,नीलाभ
nuskhe,नुस्खे,नुश्े
noon,नून,नून
nun,नून,नन
noobiyaa,नूबिया,नूबिया
nubiya,नूबिया,नुबिया
nrityashaili,नृत्यशैली,नृत्यशाली
nrutyashaili,नृत्यशैली,नृत्यशैली
nrityon,नृत्यों,नृत्यों
nrutyon,नृत्यों,नृत्यों
neco,नेको,नेको
neko,नेको,नेको
nectar,नेक्टर,नेक्टर
neg,नेग,नेग
nega,नेग,नेगा
networking,नेटवर्किग,नेटवर्किंग
neto,नेटो,नेटो
neta,नेता,नेता
nemo,नेमो,नेमो
nelsan,नेल्सन,नेल्सन
nelson,नेल्सन,नेल्सन
nations,नेशंस,नेशंस
nehara,नेहरा,नेहरा
nehra,नेहरा,नेहरा
naino,नैनो,नैनो
nano,नैनो,नानो
naivedh,नैवेद्य,नैवेध
naivegh,नैवेद्य,नैवेश
nevedya,नैवेद्य,नेवेद्य
nominate,नॉमिनेट,नॉमिनेट
naukari,नोकरी,नौकरी
naukri,नोकरी,नौकरी
nokari,नोकरी,नोकरी
nokri,नोकरी,नोकरी
notes,नोट्स,नोट्स
nora,नोरा,नोरा
nori,नोरी,नोरी
nauner,नौनेर,नॉनर
nauvahan,नौवहन,नौवाहन
naushad,नौशाद,नौषद
panchaang,पंचांग,पाचचांग
panchang,पंचांग,पाचचंग
punchang,पंचांग,पंचांग
punjab,पंजाब,पंंजब
punjabiyon,पंजाबियों,पूंजबियों
pantar,पंटर,पंतर
panter,पंटर,पेंटर
punter,पंटर,पंटर
pakaayein,पकाएं,पकाएं
pakaayen,पकाएं,पकाएं
pakaen,पकाएं,पकाएं
pakayen,पकाएं,पकाएं
pakaude,पकौड़े,पकौड़े
pakshapat,पक्षपात,पक्षपात
pakshpaat,पक्षपात,पक्षपात
pakshpat,पक्षपात,पक्षपात
pagabadha,पगबाधा,पगबबढ़
pagbadha,पगबाधा,पग्बधा
pagalaa,पगला,पगला
pagla,पगला,पगला
pachaataa,पचाता,पचाता
pachata,पचाता,पचाता
patakkar,पटककर,पटकककर
patkathaayein,पटकथाएं,पटकथाएं
patkathaein,पटकथाएं,पटकथाएं
patkathayen,पटकथाएं,पटकथाएं
patki,पटकी,पटकी
pataraani,पटरानी,पतरानी
patrani,पटरानी,पातारनी
patavaari,पटवारी,पतवारी
patwari,पटवारी,पतवाड़ी
pataakshep,पटाक्षेप,पााक्षेप
patachep,पटाक्षेप,पााचेप
patakshep,पटाक्षेप,पटकक्षेप
patiya,पटिया,पटिया
patiyaa,पटिया,पटिया
padaraunaa,पडरौना,पदारौना
padrauna,पडरौना,पदरौना
padega,पड़ेगा,पदेगा
padegaa,पड़ेगा,पदेगा
padha,पढ़ा,पढ़ा
padhaa,पढ़ा,पढ़ा
padhaataa,पढ़ाता,पढ़ता
padhata,पढ़ाता,पढ़ता
patili,पतीली,पततीली
padamawati,पदमावती,पदमावती
padmavati,पदमावती,पदमावती
padmawati,पदमावती,पदमावती
padadhikari,पदाधिकारी,पदाधिकारी
panapnaa,पनपना,पनपना
panpana,पनपना,पनपना
panaamaa,पनामा,पनामा
panama,पनामा,पनमा
paneer,पनीर,पनीर
pammi,पम्मी,पाम्मी
pammu,पम्मी,पम्मू
pummi,पम्मी,पुम्मी
pummy,पम्मी,पूमी
pardesiyon,परदेसियों,परदेशियों
pardesi,परदेसी,परदेसी
parva,परवा,पर्व
parvaa,परवा,परवा
parwa,परवा,परवा
parwaa,परवा,परवा
paraadheen,पराधीन,पराधीन
paraadhin,पराधीन,पराधीन
paradheen,पराधीन,पराधीन
paradhin,पराधीन,पराधीन
parikalpit,परिकल्पित,परिकल्पित
parimal,परिमल,परिमाल
parishad,परिषद,परिशाद
parishadiy,परिषदीय,परिशादीय
parishadiya,परिषदीय,परिशादीय
parishadon,परिषदों,परिशदों
parikhaen,परीक्षाएं,परीक्षाएं
parikshaayein,परीक्षाएं,परीक्षाएं
parikshaen,परीक्षाएं,परीक्षाएं
parosane,परोसने,परोसने
parosne,परोसने,परोसने
parda,पर्दा,परदा
pardaa,पर्दा,परदा
purple,पर्पल,पुरप्ले
palatne,पलटने,पलातने
paltane,पलटने,पल्टने
palaari,पलारी,पलारी
palari,पलारी,पलारी
pale,पले,पाले
palmonari,पल्मोनरी,पालमोनरी
pulmonary,पल्मोनरी,पुलोनेरी
plus,पल्स,प्लस
pulse,पल्स,पलस्स
pashtun,पश्तून,पश्तुन
pashtuun,पश्तून,पश््ून
pahan,पहन,पाहन
pehan,पहन,पहन
pahantaa,पहनता,पहनता
pahnata,पहनता,पहनाता
pehnate,पहनता,पहनाते
pahanate,पहनते,पहनतते
pahante,पहनते,पहनते
pehnate,पहनते,पहनाते
pahnaakar,पहनाकर,पहनाकर
pahnakar,पहनाकर,पहनाकर
pehnakar,पहनाकर,पहनाकर
pahnaati,पहनाती,पहनाती
pahnati,पहनाती,पहनती
pehnati,पहनाती,पहनती
pahani,पहनी,पहनी
pahni,पहनी,पहनी
pehni,पहनी,पहनी
pahno,पहनो,पहनो
pehno,पहनो,पहनो
pahla,पहला,पहला
pahlaa,पहला,पहला
pehla,पहला,पहला
paheliyaan,पहेलियां,पहलियां
paheliyan,पहेलियां,पहेलियां
paheliyon,पहेलियों,पहेलियों
pide,पाइड,पाइड
pied,पाइड,पाइड
pythagoras,पाइथागोरस,पिथागोरास
pythogaras,पाइथागोरस,पिथागारस
paakhandi,पाखंडी,पाखंडी
pakhandi,पाखंडी,पाखंडी
paathshaalaayein,पाठशालाएं,पाठशालाएं
pathshalayein,पाठशालाएं,पाठशालें
pathshalayen,पाठशालाएं,पाठशालाएं
paathyakram,पाठ्यक्रम,पाठयक्रम
pathyakram,पाठ्यक्रम,पाठयक्रम
pathykram,पाठ्यक्रम,पाठयक्रम
paathyakramon,पाठ्यक्रमों,पाठयक्रमों
pathyakramon,पाठ्यक्रमों,पाठयक्रमों
pathykramon,पाठ्यक्रमों,पाठयक्रमों
population,पापुलेशन,पॉपुलेशन
pailot,पायलट,पेलोट
pilot,पायलट,पीलोट
pailoton,पायलटों,पेलोटों
piloton,पायलटों,पीलोटों
paarampariktaa,पारंपरिकता,पारंपारिकता
paramparikata,पारंपरिकता,पारंपारिकता
paramparikta,पारंपरिकता,पारंपारिकता
parnel,पार्नेल,पर्नेल
parnell,पार्नेल,पर्नेल
parleron,पार्लरों,पार्लरों
parloron,पार्लरों,पार्लों
parlouron,पार्लरों,पार्लोरों
paarshad,पार्षद,पार्शद
parshad,पार्षद,पारशद
paarshadon,पार्षदों,पार्शदों
parshadon,पार्षदों,पररशदों
parshdon,पार्षदों,पार्शदों
policy,पालिसी,पॉलिसी
pinta,पिंटा,पिंटा
pintaa,पिंटा,पिंता
piega,पिएगा,पीएगा
piyegaa,पिएगा,पीयेगा
pic,पिक,पीआई
pick,पिक,पिक
pik,पिक,पीक
piki,पिकी,पीकी
piky,पिकी,पीक्य
picture,पिक्चर,पिक्चर
pigmentation,पिगमेंटेशन,पिग्मेंटेशन
pigs,पिग्स,पीग्स
pichde,पिछड़े,पीछड़े
pichhade,पिछड़े,पिछड़े
pijja,पिज्जा,पिज्जा
pizza,पिज्जा,पिज़्ज़ा
pitaamaha,पितामह,पीतामहा
pitamah,पितामह,पीतामह
pipra,पिपरा,पिपरा
pipraa,पिपरा,पिपरा
pipli,पिपली,पीपली
pearson,पियरसन,पीरसन
pierson,पियरसन,पायर्सन
peary,पियरी,पेरी
piyari,पियरी,पीयरी
pisaai,पिसाई,पिसाई
pisai,पिसाई,पीसाई
pihaani,पिहानी,पिहानी
pihani,पिहानी,पीहानी
pib,पीआईबी,पीब
pr,पीआर,पीआर
pml,पीएमएल,पीएमएल
pmo,पीएमओ,पीएमओ
pmch,पीएमसीएच,पीएमएच
psv,पीएसवी,पीएसवी
peaking,पीकिंग,पीकिंग
picking,पीकिंग,पिकिंग
peetne,पीटने,पीटने
pitne,पीटने,पितने
pedia,पीडिया,पेड़िया
pidiya,पीडिया,पीड़िया
pidiyaa,पीडिया,पीढ़िया
peelepan,पीलेपन,पीलेपन
pilepan,पीलेपन,पिलेपन
pv,पीवी,पीवी
pisa,पीसा,पीसा
putla,पुतला,पुतला
putlaa,पुतला,पुतला
putaliyaan,पुतलियां,पुतालियां
putliyan,पुतलियां,पत्लियां
putaliyon,पुतलियों,पुतलियों
putliyon,पुतलियों,पुतलियों
putali,पुतली,पुताली
putli,पुतली,पुतली
putale,पुतले,पुताले
putle,पुतले,पुतले
putin,पुतिन,पुतीन
putul,पुतुल,पुतुल
punargathan,पुनर्गठन,पुनर्गठन
puna,पुना,पूना
puraane,पुराने,पूराने
purane,पुराने,पूराने
puru,पुरू,पुरु
purjon,पुर्जों,पुर्जों
purzon,पुर्जों,पुर्जों
pulam,पुलम,पुलाम
pushkin,पुश्किन,पुश्कीन
pushkarana,पुष्करणा,पुष्करण
pushkarna,पुष्करणा,पुष्करण
pushkarnaa,पुष्करणा,पुष्करण
pushp,पुष्प,पुष्प
pushpa,पुष्प,पुष्प
pushpa,पुष्पा,पुष्प
pushpaa,पुष्पा,पुष्पा
pushpit,पुष्पित,पुष्पित
pushpon,पुष्पों,पुष्पों
poonjikaran,पूंजीकरण,पूंजीकरण
punjikaran,पूंजीकरण,पूंजीकरण
poojaapaath,पूजापाठ,पूजापाठ
poojapath,पूजापाठ,पूजापाठ
pujapath,पूजापाठ,पुजापाठ
pooranpur,पूरनपुर,पुरानपुर
puranpur,पूरनपुर,पुरानपुर
purvaabhaas,पूर्वाभास,पूर्वाभास
purvaabhas,पूर्वाभास,पूर्वाभास
purvabhaas,पूर्वाभास,पूर्वाभास
purvabhas,पूर्वाभास,पूर्वाभास
pendulam,पेंडुलम,पेंदुलम
pendulum,पेंडुलम,पेंदुलम
peg,पेग,पेग
pages,पेजेज,पेग्स
pajej,पेजेज,पाजेज
pace,पेस,पेस
pes,पेस,पेस
pastry,पेस्ट्री,पास्ट्री
pangolin,पैंगोलिन,पागगोलिन
pengolin,पैंगोलिन,पेंगोलीन
packard,पैकर्ड,पैकर्ड
package,पैकेज,पैकेज
packageon,पैकेजों,पैकगजों
packagon,पैकेजों,पैकगों
packajon,पैकेजों,पककजजों
paim,पैम,पैम
pam,पैम,पैम
paratrooper,पैराट्रूपर,पारत्रपर
peratrupers,पैराट्रूपर,पीराटरर्स
paranormal,पैरानॉर्मल,परणोर्मल
peranormal,पैरानॉर्मल,पररनोज्मल
paraffin,पैराफिन,परफफफिन
parafin,पैराफिन,पराफीन
perafin,पैराफिन,पराफाफिन
parabola,पैराबोला,पररबोला
perabola,पैराबोला,पैराबोला
polimer,पॉलिमर,पॉलिमर
polymer,पॉलिमर,पॉलियर
polishing,पॉलिशिंग,पॉलिशिंग
pokar,पोकर,पोकर
poker,पोकर,पोकर
polish,पोलिश,पालिश
poshit,पोषित,पोषित
posta,पोस्ता,पोस्टा
pau,पौ,पाऊं
pyade,प्यादे,प्यादे
prakriya,प्रक्रिया,प्रक्रिया
prakshepak,प्रक्षेपक,प्रक्षेपक
pratigya,प्रतिज्ञा,प्रतिज्ञा
prtigyaa,प्रतिज्ञा,प्रतिज्ञा
pratibhutiyan,प्रतिभूतियां,प्रतिभूतियां
pratiyon,प्रतियों,प्रतीयों
prativaad,प्रतिवाद,प्रतिवाद
prativad,प्रतिवाद,प्रतिवाद
prativadi,प्रतिवादी,प्रतिवादी
pratishat,प्रतिशत,प्रतिशात
praneet,प्रनीत,प्रणीत
pranit,प्रनीत,प्रणीत
prapaat,प्रपात,प्रपात
prapat,प्रपात,प्रपात
prapaaton,प्रपातों,प्रपातों
prapaton,प्रपातों,प्रपातों
prabodhini,प्रबोधिनी,प्रबोधिनी
prayaasrat,प्रयासरत,प्रयास्रत
prayasarat,प्रयासरत,प्रयससरत
pradarshan,प्रर्दशन,प्रदर्शन
prardashan,प्रर्दशन,प्रदरदशन
pravati,प्रवत्ति,प्रावती
pravatti,प्रवत्ति,प्रवत्ति
prashaasanik,प्रशासनिक,प्रशासनिक
prashasanik,प्रशासनिक,प्रशासनिक
prashasnik,प्रशासनिक,प्रशासनिक
prashaasanon,प्रशासनों,प्रशासनों
prashansanon,प्रशासनों,प्रशंसनों
prashasanon,प्रशासनों,प्रशासनों
prashikshu,प्रशिक्षु,प्रशिक्षु
prastaavon,प्रस्तावों,प्रस्तवों
prastavon,प्रस्तावों,प्रस्तवों
prahlaad,प्रहलाद,प्रहलाद
prahlad,प्रहलाद,प्रहलाद
prahasan,प्रहसन,प्रहासन
prahsan,प्रहसन,प्रहस्न
prahaarak,प्रहारक,प्रहारक
praharak,प्रहारक,प्रहारक
prahad,प्रह्लाद,प्रहाद
prahlad,प्रह्लाद,प्रहलाद
privacy,प्राइवेसी,प्राइवेसी
praakkathan,प्राक्कथन,प्रक्काथन
prakkathan,प्राक्कथन,प्रक्काठन
praan,प्राण,प्राण
pran,प्राण,प्राण
pranon,प्राणों,प्रणों
prathamik,प्राथमिक,प्राामििक
prathmik,प्राथमिक,प्राथमिक
praathmikata,प्राथमिकता,प्राथमिकता
prathmikta,प्राथमिकता,प्राथमिकता
prathmiki,प्राथमिकी,प्राथमिकी
pradhyapakon,प्राध्यापकों,प्राध्यापकों
prapt,प्राप्त,प्राप्त
prapta,प्राप्त,प्राप्ता
prapti,प्राप्ती,प्राप्ति
praroop,प्रारूप,प्ररूप
prarup,प्रारूप,प्ररूप
priyamani,प्रियामणि,प्रियमानी
proof,प्रूफ,प्रूफ
pruf,प्रूफ,प्रूफ
prekshakon,प्रेक्षकों,प्रेक्षकों
prem,प्रेम,प्रेम
premlata,प्रेमलता,प्रेमलता
prema,प्रेमा,प्रेमा
premi,प्रेमी,प्रेमी
profit,प्रॉफिट,प्रोफिट
processing,प्रॉसेसिंग,प्रोसेसिंग
programers,प्रोग्रामर्स,प्रोग्रामर्स
programmers,प्रोग्रामर्स,प्रोग्रामर्स
programs,प्रोग्रामर्स,प्रोग्राम्स
proto,प्रोटो,प्रोतो
propellant,प्रोपेलेंट,प्रोपेलेंट
propellent,प्रोपेलेंट,प्रोपलेंट
praudh,प्रौढ,प्रौढ़
proud,प्रौढ,प्राउड
plan,प्लेन,प्लान
plane,प्लेन,प्लेने
fund,फंड,फूंड
funda,फंडा,फुंडा
funding,फंडिंग,फंडिंग
fandon,फंदों,फंडों
fagua,फगुआ,फागुआ
fatane,फटने,फतने
phatane,फटने,फटने
phatne,फटने,फटने
fadfadata,फड़फड़ाता,फद़फड़ता
phadphadata,फड़फड़ाता,फड़फड़ााा
fatehgadh,फतेहगढ़,ततेगहढ़
fatehgarh,फतेहगढ़,फतहगगढ़
fabti,फब्ती,फबती
phabti,फब्ती,फाबती
farse,फरसे,फर्स
pharase,फरसे,फरासे
pharse,फरसे,फार्स
farheen,फरहीन,फाहहीन
farhin,फरहीन,फारहीन
farth,फर्थ,फर्थ
ferth,फर्थ,फर्थ
pharth,फर्थ,फार्थ
farmion,फर्मिऑन,फर्मियन
fermion,फर्मिऑन,फर्मियन
firmian,फर्मिऑन,फर्मियन
farookhabad,फर्रुखाबाद,फरखखबबाद
farrukhabad,फर्रुखाबाद,फारखखाबाद
farukhabad,फर्रुखाबाद,फरुखाबाद
farookhnagar,फर्रूखनगर,फरूखनगर
farrukhnagar,फर्रूखनगर,फरुरखुनगर
farukhnagar,फर्रूखनगर,फरुखनगर
falata,फलता,फलता
falta,फलता,फलता
phalata,फलता,फलता
falne,फलने,फलने
phalne,फलने,फलने
falitarth,फलितार्थ,फलीतार्थ
phalitartha,फलितार्थ,फलीतार्थ
falibhoot,फलीभूत,फलीभूत
falibhut,फलीभूत,फलीभूत
phalibhoot,फलीभूत,फलीभूत
favvara,फव्वारा,फववरा
fawaara,फव्वारा,फवारा
favvare,फव्वारे,फाववयर
fawaare,फव्वारे,फवायर
favvaron,फव्वारों,फाववरों
fawaaron,फव्वारों,फवारों
faisala,फ़ैसला,फैसला
faisla,फ़ैसला,फैसला
follow,फ़ॉलो,फोलो
faansi,फांसी,फांसी
fansi,फांसी,फैंसी
fatama,फातमा,फतामा
fatma,फातमा,फत्मा
faaf,फाफ,फाफ
phaaph,फाफ,फाफ
farsi,फारसी,फर्सी
forcee,फारसी,फोर्की
farm,फार्म,फर्म
form,फार्म,फ़ॉर्म
farmic,फार्मिक,फार्मिक
formic,फार्मिक,फॉर्मिक
formulae,फार्मूले,फॉर्मुलाई
formule,फार्मूले,फॉर्मूल
formuley,फार्मूले,फॉर्म्ले
pharmacy,फार्मेसी,फरममेसी
pharma,फार्मों,फर्मों
pharmon,फार्मों,फरमों
farms,फार्म्स,फर्म्स
finger,फिंगर,फिंगर
fikra,फिक्र,फ़िक्र
physician,फिजिशियन,फाइसिसियन
firti,फिरती,फर्टी
fisla,फिसला,फिसला
fislaa,फिसला,फिसला
feeder,फीडर,फीडर
fulaaye,फुलाए,फुलाए
fulae,फुलाए,फुलाए
fulay,फुलाए,फुले
furti,फूर्ति,फुर्ती
phurti,फूर्ति,फुर्ती
fus,फूस,फस
phoos,फूस,फूस
phus,फूस,फस
feka,फेका,फेका
fefada,फेफड़ा,फेफड़ा
fefda,फेफड़ा,फफफ्डा
facial,फेशियल,फैशल
fact,फैक्ट,फैक्ट
federal,फैडरल,फेडरल
failkar,फैलकर,फैलकर
failaaiye,फैलाइए,फैलाइए
failaea,फैलाइए,फैलाया
failaiya,फैलाइए,फैलाया
failaiye,फैलाइए,फैलाइए
failegi,फैलेगी,फैलेगी
font,फॉन्ट,फोॉन्ट
fogat,फोगाट,फोगत
phogat,फोगाट,फोगत
fod,फोड़,फोड
phod,फोड़,फोड
foda,फोड़ा,फोडा
fodaa,फोड़ा,फोड़ा
phoda,फोड़ा,फोडा
fode,फोड़े,फोड
phode,फोड़े,फोड
fodo,फोड़ों,फोडो
fodon,फोड़ों,फोडों
phodo,फोड़ों,फोडो
fortis,फोर्टिस,फोर्टिस
fusion,फ्यूजन,फ्यूजन
fuji,फ्यूजी,फूजी
fyuji,फ्यूजी,फ्यूजी
francisca,फ्रांसिस्का,फ्रांसिस्का
franciska,फ्रांसिस्का,फ्रांसिस्का
fransiska,फ्रांसिस्का,फ्रांसिस्का
francisco,फ्रांसिस्को,फ्रैंसिस्को
francisko,फ्रांसिस्को,फ्रैंसिस्को
fransisko,फ्रांसिस्को,फ्रांसिस्को
fringe,फ्रिंज,फ्रिंग
friendship,फ्रेंडशिप,फ्रेंडशिप
frost,फ्रॉस्ट,फ्रॉस्ट
flin,फ्लिन,फ्लिन
flynn,फ्लिन,फ्लिन
flesh,फ्लेश,फ्लैश
bang,बंग,बैंग
bung,बंग,बंग
bangbandhu,बंगबंधु,बंंबंधु
bangbhang,बंगभंग,बंगभंग
bangash,बंगश,बंगाश
bangsh,बंगश,बंगश
bantane,बंटने,बांटने
bantne,बंटने,बंंटने
bandhati,बंधती,बंधाती
bandhti,बंधती,बंधधी
bandhan,बंधान,बंधन
bandhuon,बंधुओं,बंधुओं
bamba,बंबा,बांबा
mumba,बंबा,मुंबा
bakaayon,बकायों,बकायों
bakayon,बकायों,बाायों
bakaul,बकौल,बकौल
bakoul,बकौल,बैकल
baksa,बक्सा,बकसा
baksi,बक्सी,बकसी
bakse,बक्से,बकसे
bakhshane,बख्शने,बख्शने
bakhshne,बख्शने,बखल्षण
bagad,बगड़,बगद
bagd,बगड़,बैग
bageechi,बगीची,बगीची
bagichi,बगीची,बगीची
bachat,बचत,बचात
bachati,बचती,बचाती
bachti,बचती,बचती
bajana,बजना,बजना
bajrangi,बजरंगी,बजरंगी
bajaj,बजाज,बजज
batalvi,बटालवी,बटल्वी
badhachadhakar,बढ़ाचढ़ाकर,बढ़चचधधकर
badata,बढ़ाता,बदता
badhaataa,बढ़ाता,बढ़ाता
badhata,बढ़ाता,बढ़ता
badhaati,बढ़ाती,बढ़ाती
badhati,बढ़ाती,बढ़ती
badhayi,बढ़ायी,बढधाई
badhav,बढ़ाव,बढधव
badhotari,बढ़ोतरी,बाधोत्री
badhotri,बढ़ोतरी,बदोर्ती
batlaae,बतलाए,बतलाए
batlaaye,बतलाए,बतलाए
batlae,बतलाए,बतलाए
batlaye,बतलाए,बतलाए
batlaakar,बतलाकर,बतलाकर
batlakar,बतलाकर,बतलाकर
badlapur,बदलापुर,बदलापुर
badali,बदली,बदली
badli,बदली,बदली
badam,बदाम,बादाम
banva,बनवा,बनवा
banvaa,बनवा,बनवा
banaam,बनाम,बनाम
banam,बनाम,बनाम
bnaam,बनाम,बनाम
baniya,बनिया,बानिया
banu,बनू,बानु
barpaayaa,बरपाया,बरपाया
barpaya,बरपाया,बरपाया
barsa,बरसा,बरसा
barsaata,बरसाता,बरसाता
barsaataa,बरसाता,बरसाता
barsata,बरसाता,बरसता
barhad,बरहद,बरहाद
baraat,बरात,बरात
barat,बरात,बारात
braat,बरात,ब्रात
baraamad,बरामद,बरामद
baramad,बरामद,बरामद
bramad,बरामद,बरामद
baramade,बरामदे,बरामदे
baramde,बरामदे,बरामदे
bare,बरे,बारे
birth,बर्थ,बर्थ
baljeet,बलजीत,बलजीत
baljit,बलजीत,बल्जित
ballabh,बल्लभ,बल्लभ
balla,बल्ला,बल्ला
balli,बल्ली,बल्ली
basava,बसावा,बसव
bastiyon,बस्तियों,बस्तियों
bahroopiya,बहरूपिया,बहरूपिय
bahrupiya,बहरूपिया,बहरूपिय
bahamaas,बहामास,बहमास
bahamas,बहामास,बहमास
bahaav,बहाव,बहाव
bahav,बहाव,बहव
bhav,बहाव,भाव
bahavalpur,बहावलपुर,बहवालपुर
bahawalpur,बहावलपुर,बहवालपुर
bahuchara,बहुचरा,बहुचारा
banthia,बांठिया,बंंथिया
banthiya,बांठिया,बांथिया
bandhate,बांधते,बंधाते
bandhte,बांधते,बंधते
banbi,बांबी,बनबी
bombi,बांबी,बोंबी
bounceron,बाउंसरों,बाउंसरों
bowling,बाउलिंग,बोलिंग
baku,बाकू,बाकू
bakuu,बाकू,बाकू
baag,बाग,बाग
bag,बाग,बैग
bagh,बाग,बाघ
bagabani,बागबानी,बागानी
bagbani,बागबानी,बागबानी
bagali,बागली,बगली
bagli,बागली,बगली
baagiyon,बागियों,बागियों
bagiyon,बागियों,बगियों
baago,बागो,बागो
bago,बागो,बैगो
baji,बाज़ी,बाजी
bazi,बाज़ी,बाजी
bajaru,बाजारू,बाजरू
bazaru,बाजारू,बाजरू
bajuon,बाजुओं,बाजूओं
badh,बाध,बढ़
badha,बाधा,बढ़ा
baadhaaon,बाधाओं,बाधाओं
baadhaon,बाधाओं,बाधाओं
badhaaon,बाधाओं,बढ़ाओं
badhaon,बाधाओं,बढ़ाओं
baadhit,बाधित,बाधित
badhit,बाधित,बढ़ित
baani,बानी,बानी
bani,बानी,बननी
baapa,बापा,बापा
baapaa,बापा,बापा
bapa,बापा,बपा
bapaa,बापा,बपा
baabat,बाबत,बाबट
babat,बाबत,बबात
babt,बाबत,बैट
bayern,बायर्न,बेयरन
byrun,बायर्न,बार्न
barah,बारह,बरा
baarahamaasee,बारहमासी,बारहमासी
barahamasi,बारहमासी,बरहमासी
barahmasi,बारहमासी,बरहमासी
barahsinga,बारहसिंगा,बहरसिंगा
barasingha,बारहसिंगा,बरसिंह
bala,बाला,बला
baalti,बाल्टी,बालती
balti,बाल्टी,बलती
balty,बाल्टी,बाल्टी
baldvin,बाल्डविन,बल््वीन
baldwin,बाल्डविन,बल्डविन
bavaji,बावजी,बावजी
bavji,बावजी,बावजी
baawaraa,बावरा,बावरा
bavra,बावरा,बावरा
bawara,बावरा,बववरा
baahulya,बाहुल्य,बहहुल्य
bahuly,बाहुल्य,बहुल्य
bahulya,बाहुल्य,बहुल्य
box,बाॅक्स,बॉक्स
bikherati,बिखेरती,बिखेरती
bikherti,बिखेरती,बिखरती
biggest,बिगेस्ट,बिग्सेट्ट
bichhua,बिछुआ,बिच्छुआ
bichhuaa,बिछुआ,बिच्छुआ
biji,बिजी,बीजी
busy,बिजी,बसस
buzy,बिजी,बजी
bipin,बिपिन,बीपिन
bilae,बिलाई,बिलाए
bilai,बिलाई,बिलाई
billa,बिल्ला,बिल्ला
billaa,बिल्ला,बिल्ला
bilhaur,बिल्हौर,बिलहर
bisva,बिस्वा,बिस्व
biswa,बिस्वा,बिस्वा
bag,बीएजी,बैग
bikaner,बीकानेर,बाइकनर
bikaneri,बीकानेरी,बिकननरी
bk,बीके,बीके
beejak,बीजक,बीजक
bijak,बीजक,बिजक
beef,बीफ,बीफ
beem,बीम,बीम
bim,बीम,बीम
beemon,बीमों,बीमों
bimon,बीमों,बीमोन
beerganj,बीरगंज,बीरगंज
birganj,बीरगंज,बीरगंज
beesavaan,बीसवां,बीसवण
bisavan,बीसवां,बीसवन
bisawan,बीसवां,बीसवां
beast,बीस्ट,बीस्ट
budvig,बुडविग,बुडविग
budwig,बुडविग,बुडविग
bull,बुल,बुल
bulaao,बुलाओ,बुलाओ
bulao,बुलाओ,बुलाओ
bule,बुले,बुले
bulletin,बुलेटिन,बुलेटिं
brijesh,बृजेश,बृजजेश
benvar,बेंवर,बेनवर
benwar,बेंवर,बेनवर
beaulad,बेऔलाद,बेयलल
bekaaboo,बेकाबू,बेकाबू
bekabu,बेकाबू,बेकाबू
bechakar,बेचकर,बेचकर
bechkar,बेचकर,बेचकर
bechate,बेचते,बेचते
bechte,बेचते,बेचते
bediyan,बेड़ियां,बैडियां
bethanal,बेथनल,बेथनल
bethnal,बेथनल,बेथनल
benis,बेनिस,बेनिस
belacha,बेलचा,बेलाचा
belcha,बेलचा,बेल्चा
belinda,बेलिंडा,बेलिंदा
bevkufana,बेवकूफाना,बेवकूफाा
bewakoofaanaa,बेवकूफाना,बेवकूफाना
bewkufana,बेवकूफाना,बेवूफना
besahaaraa,बेसहारा,बेसहारा
besahara,बेसहारा,बेसहरा
basin,बेसिन,बससिन
besin,बेसिन,बेसिन
basil,बेसिल,बसिल
besil,बेसिल,बेसिल
bandage,बैंडेज,बंदेज
bandej,बैंडेज,बंदेज
baithantey,बैठते,बैठते
baithate,बैठते,बैठते
baitool,बैतूल,बैटूल
baitul,बैतूल,बैटुल
betul,बैतूल,बेतुल
baini,बैनी,बैनी
beni,बैनी,बेनी
bairakpur,बैरकपुर,बैराकपुर
barrackpore,बैरकपुर,बर्काकपर
baila,बैला,बैला
bella,बैला,बेला
ballistic,बैलिस्टिक,बलिस्टिक
bells,बैल्स,बेल्स
bostan,बॉस्टन,बोस्तान
bosten,बॉस्टन,बोस्तेन
boston,बॉस्टन,बोस्टन
bokaro,बोकारो,बोकरो
bodara,बोदरा,बोदरा
bodra,बोदरा,बोद्रा
bodraa,बोदरा,बोद्रा
bona,बोना,बोना
borkar,बोरकर,बोरकर
borivali,बोरीवली,बोरीवाली
boriwali,बोरीवली,बोरीवाली
born,बोर्न,बॉर्न
bolane,बोलने,बोलने
boliae,बोलिए,बोलिया
boliy,बोलिए,बोलीय
boliye,बोलिए,बोलिये
bosaan,बोसान,बोसान
bosan,बोसान,बोस्न
bauni,बौनी,बौनी
bouni,बौनी,बौनी
byaawa,ब्यावर,बयावा
byavar,ब्यावर,ब्यावर
brajesh,ब्रजेश,बृजेश
brijesh,ब्रजेश,बृजजेश
brahmalin,ब्रह्मलीन,ब्रह्मालीन
brahmleen,ब्रह्मलीन,ब्रह्मलीन
brahmlin,ब्रह्मलीन,ब्रह्मलीन
bravo,ब्रावो,ब्रेवो
brigatn,ब्रिगटन,ब्रिग्टन
brighton,ब्रिगटन,ब्राइटन
brigton,ब्रिगटन,ब्रिग्टन
brigadier,ब्रिगेडियर,ब्रिगाडियर
britain,ब्रिटेन,ब्रिटेन
breed,ब्रीद,ब्रीड
brock,ब्रोक,ब्रॉक
brok,ब्रोक,ब्रॉक
broke,ब्रोक,ब्रॉक
brocken,ब्रोकन,ब्रॉकन
broken,ब्रोकन,ब्रोकेन
blosam,ब्लॉसम,ब्लोसम
blossom,ब्लॉसम,ब्लॉसम
bhagaane,भगाने,भगाने
bhagane,भगाने,भागने
bhadakaaya,भड़काया,भड़काया
bhadakaya,भड़काया,भड़काया
bhadkaayaa,भड़काया,भड़काया
bhadkaya,भड़काया,भड़काया
bharakaaya,भड़काया,भड़काया
bharakaya,भड़काया,भड़काया
bhabhoot,भभूत,भभूत
bhabhut,भभूत,भभूूत
bhay,भय,भय
bhaya,भय,भया
bhayo,भयो,भायो
bharatanatyam,भरतनाट्यम्,भारतनाट्यम
bharatnatyam,भरतनाट्यम्,भारतनाट्यम
bhartnatyam,भरतनाट्यम्,भारततनाय्यम
bharate,भरते,भरते
bharte,भरते,भरते
bharani,भरनी,भरणी
bharni,भरनी,भरनी
bharane,भरने,भरने
bharne,भरने,भरने
bhara,भरा,भरा
bhavishya,भविष्य,भविष्य
bhaate,भाते,भाते
bhate,भाते,भाते
bhanu,भानू,भानु
bhabar,भाबर,भाबर
bhareeye,भारीय,भररिय
bhariy,भारीय,भारीय
bhavanaon,भावनाओं,भवनों
bhavnaon,भावनाओं,भावनाओं
bhaskar,भास्कर,भस्कर
bheed,भीड़,भिड़
bheera,भीरा,भीरा
bhira,भीरा,भीरा
bheesham,भीष्म,भीषम
bhisham,भीष्म,भिष्म
bhishm,भीष्म,भिष्म
bhugat,भुगत,भुगत
bhugata,भुगता,भुगता
bhugta,भुगता,भुगता
bhutto,भुट्टो,भुट्टो
bhumi,भुमि,भूमि
bhurbhura,भुरभुरा,भुरभुरा
bhookh,भूख,भूख
bhukh,भूख,भूख
bhookhi,भूखी,भूखी
bhukhi,भूखी,भुक्खी
bhoogol,भूगोल,भूगोल
bhugol,भूगोल,भगोल
bhootal,भूतल,भूतल
bhutal,भूतल,भूताल
bhoopsingh,भूपसिंह,भूपसिंह
bhupsingh,भूपसिंह,भूपसिंह
bhumi,भूमी,भूमि
bhumika,भूमी,भूमिका
bhulata,भूलता,भुलाता
bhulataa,भूलता,भुलता
bhulta,भूलता,भुलता
bhula,भूला,भुला
bhulaa,भूला,भुला
bhooli,भूली,भूली
bhuli,भूली,भूली
bhulo,भूलो,भूलो
bhulon,भूलों,भूलों
bhusi,भूसी,भूसी
bhooswaami,भूस्वामी,भूस्वामी
bhusvami,भूस्वामी,भूस्वामी
bhuswami,भूस्वामी,भूस्वामी
bhengapan,भेंगापन,भेंगापन
bhairavnath,भैरवनाथ,भैरानवाथ
bhairo,भैरो,भैरो
bhogatey,भोगते,भोगते
bhogte,भोगते,भोगते
bhola,भोला,भोला
bholi,भोली,भोली
bholu,भोलू,भोलू
bhaunho,भौंहों,भोन्हों
bhaunhon,भौंहों,भूंहों
bhoonhon,भौंहों,भूंहों
bhraant,भ्रांत,भ्रांत
bhrant,भ्रांत,भ्रांत
brant,भ्रांत,ब्रंट
bhraanti,भ्रांति,भ्रांति
bhranti,भ्रांति,भ्रंति
branti,भ्रांति,ब्रंटी
bhraantiyan,भ्रांतियां,भ्रंतियां
bhrantiyan,भ्रांतियां,भरंतियां
bhraantiyon,भ्रांतियों,भ्रांतियों
bhrantiyon,भ्रांतियों,भ्रंतियों
mangesh,मंगेश,मंगेश
manch,मंच,मांच
manchit,मंचित,मांछित
mancheeye,मंचीय,मंचाय
manchiy,मंचीय,मांछीय
manchiya,मंचीय,मांछिया
manchon,मंचों,मांचों
manjil,मंजिल,मंजिल
manzil,मंजिल,मंजिल
manjila,मंजिला,मंजिला
manzila,मंजिला,मंजीला
manjilein,मंजिलें,मंजिलें
manjilen,मंजिलें,मंजिलें
manzilein,मंजिलें,मंजीलें
manto,मंटो,मांटो
mantriyon,मंत्रियों,मंत्रियों
makrani,मकरानी,मकरानी
maksad,मक्सद,मकसद
makhdumpur,मखदुमपुर,मखद्मुर
machaaye,मचाए,मचाए
machae,मचाए,मचाए
machaye,मचाए,मचाए
machaanon,मचानों,मचानों
machanno,मचानों,मचननों
machano,मचानों,मचानो
machanon,मचानों,मचानों
madaura,मढ़ौरा,मदौरा
madhuara,मढ़ौरा,मधुरा
madhura,मढ़ौरा,मधुरा
manipal,मणिपाल,मनिपाल
matpatron,मतपत्रों,मतप्तरों
matthe,मत्थे,मत्थे
matsyavatar,मत्स्यावतार,मत्स्यवतार
matsyavtar,मत्स्यावतार,मत्स्यवत्र
masyendranath,मत्स्येंद्रनाथ,मस्सेंद्रनाथ
matsyendranath,मत्स्येंद्रनाथ,मत्स्यद्रनाथ
madhupur,मधुपुर,मधुपुर
manmarji,मनमर्जी,मन्मज्जी
manae,मनाए,मनाई
manaye,मनाए,मनय
mnaey,मनाए,मनाय
mam,मम,माम
mum,मम,मूम
maryokar,मयोर्का,मर्योकार
mayorka,मयोर्का,मैयोरका
mayorkaa,मयोर्का,मयोरका
mardaani,मरदानी,मर्दानी
mardani,मरदानी,मर्दानी
marmar,मरमर,मरमर
murmur,मरमर,मुरमूर
maratha,मराठा,मराथा
marathi,मराठी,मराठी
marji,मर्जी,मर्जी
mardanagi,मर्दानगी,मर्दनगी
mardangi,मर्दानगी,मर्दंगी
mardo,मर्दों,मार्डो
mardon,मर्दों,मार्डो
maryaadaa,मर्यादा,मर्यदा
maryada,मर्यादा,मर्यदा
maryaadaaon,मर्यादाओं,मर्यदाओं
maryadaon,मर्यादाओं,मर्यदाओं
malaga,मलागा,मालगा
malaar,मलार,मलार
malar,मलार,मालर
mashrak,मशरक,मश्रक
masaaledaar,मसालेदार,मसालेदार
masaledaar,मसालेदार,मसलेदार
masaledar,मसालेदार,मसलेदार
masoor,मसूर,मसूर
masur,मसूर,मसूर
masse,मस्से,मस्से
mahakane,महकने,महाकाने
mahakne,महकने,महककने
mahkane,महकने,महककने
mehkane,महकने,मेहकाने
mahalon,महलों,महालों
mahlon,महलों,महलों
mahagranth,महाग्रंथ,महाग्रांठ
mhagranth,महाग्रंथ,महाग्रांठ
mahajan,महाजन,महाजन
mhajan,महाजन,महाजन
mahathir,महाथिर,महाथिर
mhathir,महाथिर,महाथिर
mahanatam,महानतम,महानतम
mahantam,महानतम,महंतम
mhantam,महानतम,महंतम
mahanideshak,महानिदेशक,महानिदेशक
mahanirdeshak,महानिदेशक,महानिरेदेश
mhanideshak,महानिदेशक,महानिदेशक
mahapauron,महापौरों,महापारों
mhapauron,महापौरों,महापुरां
mahapran,महाप्राण,महाप्रण
mhapran,महाप्राण,महाप्रण
mahamantr,महामंत्र,महामंत्र
mahamantra,महामंत्र,महामंत्र
mhamantra,महामंत्र,महामंत्र
maharaja,महाराजा,महराजा
mahavigyan,महाविज्ञान,महाविज्ञान
mhavidyan,महाविज्ञान,महाविद्यान
mahavidya,महाविद्या,महाविद्य
mhavidya,महाविद्या,महाविद्य
mahavishnu,महाविष्णु,महाविश्नु
mahasingh,महासिंह,महासांघ
mahasinh,महासिंह,महासिंह
mahipal,महिपाल,महिपाल
mahin,महीन,महीन
mahinon,महीनों,महिनों
maang,मांग,मांग
mang,मांग,मांग
mangani,मांगनी,मंगानी
mangni,मांगनी,मंगनी
maanga,मांगा,मांगा
manga,मांगा,मंगा
maangi,मांगी,मांगी
mangi,मांगी,मागी
maange,मांगे,मांे
mange,मांगे,मागे
mango,मांगो,मागों
maori,माओरी,मारी
maajin,माजिन,माजिन
majin,माजिन,मजजीन
mathe,माथे,माठे
mathey,माथे,माथे
maap,माप,माप
map,माप,मैप
mop,माप,मॉप
mamooli,मामूली,ममूली
mamuli,मामूली,ममूली
mame,मामे,मेम
maarvaad,मारवाड़,मारवाद
marvad,मारवाड़,मारवाड
marwar,मारवाड़,मारवार
maariya,मारिया,मारिया
mariya,मारिया,मरिया
maariyo,मारियो,मारियो
mario,मारियो,मैरियो
mariyo,मारियो,मरियो
martha,मार्था,मार्था
maalish,मालिश,मालिश
malish,मालिश,मालिश
mave,मावे,मेव
mavey,मावे,मेवे
maas,मास,मांस
mas,मास,मस
mass,मास,मास
maason,मासों,मासों
mason,मासों,मसों
mitaao,मिटाओ,मिटाओ
mitao,मिटाओ,मिटाओ
mithaai,मिठाई,मिथाई
mithai,मिठाई,मिथाई
media,मिडिया,मीडिया
mithila,मिथिला,मिथिला
mithilanchal,मिथिलांचल,मिथललैंचल
mithya,मिथ्या,मिथ्य
mimicry,मिमिक्री,मीमिक्री
milkiyat,मिल्कियत,मिलकियत
misha,मिशा,मिशा
mungeri,मुंगेरी,मंंगेरी
mundva,मुंडवा,मुंडवा
mundwa,मुंडवा,मुंडवा
munshiganj,मुंशीगंज,मुंशिंगज
mukarte,मुकरते,मुकर्ते
mukartey,मुकरते,मुकर्ते
mukhopadhyaya,मुखोपाध्याय,मुखोपाध्याय
mukhyopadhyaay,मुखोपाध्याय,मुख्यपुध्याय
mukhyamantri,मुख्यमंत्री,मुख्यमंत्री
munaf,मुनाफ,मुनाफ
munafa,मुनाफा,मुनाफा
munnu,मुन्नू,मुन्नू
mufalisi,मुफलिसी,मुफलिसी
muflisi,मुफलिसी,मुफलिसी
mubarakpur,मुबारकपुर,मुबराकपुर
mubarkpur,मुबारकपुर,मुबर्कपुर
murjha,मुर्झा,मुरझा
multae,मुल्ताई,मुलताए
multai,मुल्ताई,मुलताई
mushahid,मुशाहिद,मुशाहिद
muhavare,मुहावरे,मुहावरे
muhavre,मुहावरे,मुहावरे
mooth,मूठ,मूठ
muth,मूठ,मूठ
mood,मूड,मूड़
mud,मूड,मुड़
moodi,मूडी,मूडी
moody,मूडी,मूडी
mool,मूल,मूल
mul,मूल,मूल
moolchand,मूलचंद,मूलचंद
mulchand,मूलचंद,मुलचंद
moolar,मूलर,मूलर
mular,मूलर,मूलर
muller,मूलर,म्यूलर
moolon,मूलों,मूलों
mulon,मूलों,मूलों
maxico,मेक्सिको,मैक्सिको
mexico,मेक्सिको,मैक्सिको
mega,मेगा,मेगा
megapixal,मेगापिक्सल,मेगापिकल
megapixel,मेगापिक्सल,मैगपीरिक्स
mejbaan,मेजबान,मेजबान
mejban,मेजबान,मेजबान
mezbaan,मेजबान,मेजबान
mejabani,मेजबानी,मेजबनी
mejbaani,मेजबानी,मेजबानी
mejbani,मेजबानी,मेजबानी
mezabani,मेजबानी,मेजबानी
mejbaan,मेज़बान,मेजबान
mejban,मेज़बान,मेजबान
mezbaan,मेज़बान,मेजबान
mejbaani,मेज़बानी,मेजबानी
mejbani,मेज़बानी,मेजबानी
mezbaani,मेज़बानी,मेजबानी
mate,मेट,मैट
met,मेट,मेट
mates,मेट्स,मेट्स
medical,मेडीकल,मेडिकल
methanol,मेथेनॉल,मेथनॉल
menu,मेनू,मेनु
mem,मेम,मेम
melaghaat,मेलघाट,मेलघात
melghat,मेलघाट,मेलघाट
melaanin,मेलानिन,मेलानिन
melanin,मेलानिन,मेलानिन
melaani,मेलानी,मेलानी
melani,मेलानी,मेलनी
maheman,मेहमान,महममैन
mehamaan,मेहमान,मेहमान
mehaman,मेहमान,मेहमान
mehmaan,मेहमान,मेहमान
mehman,मेहमान,मेहमान
meharaam,मेहराम,मेहराम
mehram,मेहराम,मेहराम
macbook,मैकबुक,मैकबुक
matix,मैट्रिक्स,मैट्रिक्स
matrix,मैट्रिक्स,मेट्रिक्स
mad,मैड,मद
made,मैड,मेड
maid,मैड,मैड
maddy,मैडी,मैडी
maidi,मैडी,मैदी
main,मैन,मेन
man,मैन,मन
men,मैन,मेन
mainan,मैनन,मैनन
menon,मैनन,मेनोन
manner,मैनर,मैनर
maina,मैना,मैना
maine,मैने,मैने
marrej,मैरेज,मररेज
marriage,मैरेज,मैरिज
merraige,मैरेज,मैरेज
maisachusets,मैसाचुसेट्स,मैसाचुसेट्स
massachusetts,मैसाचुसेट्स,मेसाचुसेट्स
maisor,मैसोर,मैसर
maisore,मैसोर,मैसोर
mysore,मैसोर,मैसूर
mod,मॉड,मोड़
mode,मॉड,मोड़
modern,मॉडर्न,मॉडर्न
module,मॉड्यूल,मोदुले
modules,मॉड्यूल्स,मॉडल्स
modyuls,मॉड्यूल्स,मॉड्यूल्स
mauritious,मॉरिशस,मॉरीशस
mauritius,मॉरिशस,मॉरीशस
mogali,मोगली,मोगली
mowgli,मोगली,मौगली
motive,मोटिव,मोटिव
mol,मोल,मॉल
mold,मोल्ड,मोल्ड
moshe,मोशे,मोशे
mosad,मोसाद,मोसद
mohana,मोहाना,मोहना
mohani,मोहानी,मोहनी
mohini,मोहिनी,मोहिनी
mohim,मोहिम,मोहिम
maukon,मौकों,मौकों
mauma,मौमा,मौमा
maurya,मौर्या,मौर्य
morya,मौर्या,मोरया
maurya,मौर्यों,मौर्य
mauryon,मौर्यों,मौरियों
moryon,मौर्यों,मोरयों
maulaviyon,मौलवियों,मौलवियों
maulvidon,मौलवियों,मॉलविदों
maulviyon,मौलवियों,मौलवियों
maule,मौले,मॉले
mauley,मौले,मॉले
mausa,मौसा,मौसा
yatn,यत्न,यतन
yatna,यत्न,यतना
yada,यदा,यादा
yda,यदा,एादा
yaduvansh,यदुवंश,यदुवंश
yaduwansh,यदुवंश,यदुवंश
jerusalem,यरूशलेम,जेरूसलम
yarooshaleim,यरूशलेम,यरुशालेम
yarushalem,यरूशलेम,यरुशमल
yashpaal,यशपाल,यापााल
yashpal,यशपाल,यशपाल
yaatna,यातना,यातना
yatna,यातना,यतना
yaatanaon,यातनाओं,यातनाओं
yatnaon,यातनाओं,यतनाओं
yarayan,यात्राएं,यारायण
yatraein,यात्राएं,यात्राएं
yatraen,यात्राएं,यात्राएं
yaariyan,यारियां,यारियां
yariyan,यारियां,यारिया
yaari,यारी,यारी
yari,यारी,यारी
yugam,युग्म,युगम
yugm,युग्म,यग्
yuddhrat,युद्धरत,युद्धररत
yudhrat,युद्धरत,युद्धत
ukrainian,यूक्रेनियन,यूक्रेनियन
ukranian,यूक्रेनियन,यूक्रानियन
jerusalem,येरुशलम,जेरूसलम
yorker,यॉर्कर,यॉर्कर
yojanaein,योजनाएं,योजनाएं
yojanaen,योजनाएं,योजनाएं
yojanaye,योजनाएं,योजनाये
rangate,रंगते,रागाते
rangte,रंगते,रांगते
rangkata,रंजकता,रंगकता
ranjkatha,रंजकता,राजकथा
ranjkta,रंजकता,राजककता
raees,रईस,राईस
rais,रईस,रैइस
raktaabh,रक्ताभ,रक्ताभ
raktabh,रक्ताभ,रक्तभ
rakhna,रखना,रखना
raghupati,रघुपति,रघुपति
raghuram,रघुराम,रघुराम
registerd,रजिस्टर्ड,रेजिस्टर्ड
registered,रजिस्टर्ड,रेजिस्टर्ड
ratanpur,रतनपुर,रतनापुर
runners,रनर्स,रनर्स
rayan,रयान,रायन
ryan,रयान,रायन
ralhan,रल्हन,रल्हण
ravish,रविश,रेविस
ravael,रवैल,रैवल
ravel,रवैल,रेवल
rawail,रवैल,रावल
rasad,रसद,रसड़
rasaayanik,रसायनिक,रसायनिक
rasaayanika,रसायनिक,रसायनिक
rasayanika,रसायनिक,रसयानिका
rasyanik,रसायनिक,रास्यनिक
rasaayanon,रसायनों,रसायनों
rasayanon,रसायनों,रसययों
rahamat,रहमत,रहमत
rahmat,रहमत,रहमत
rhamat,रहमत,रहमत
rahenge,रहेंगे,रहेंगे
rahegi,रहेगी,रहेगी
rounder,राउंडर,रांडर
raak,राक,राक
rak,राक,रक
raakhe,राखे,राखे
rakhe,राखे,रखे
raagon,रागों,रागों
ragon,रागों,रगों
raghavan,राघवन,रघावन
raaj,राज,राज़
raj,राज,राज़
rajkot,राजकोट,राजकोट
rajtantra,राजतंत्र,राजतत्र
raajneetikaran,राजनीतीकरण,राजनीतिकरण
rajneetikaran,राजनीतीकरण,राजनीतिकरण
rajnitikaran,राजनीतीकरण,राजनीतिकरण
rajma,राजमां,राज्मा
rajman,राजमां,राजमान
raajasva,राजस्व,राजसव
rajasva,राजस्व,राजसव
raaji,राजी,राज़ी
raji,राजी,राजी
rajinaama,राजीनामा,राजीनामा
rajinama,राजीनामा,राजीनामा
raajon,राजों,राज़ों
rajon,राजों,राज़ों
rana,राणा,राना
raatrichar,रात्रिचर,रातीच्राच
ratrichar,रात्रिचर,रातीच्राच
raadhe,राधे,राध़े
radhe,राधे,राधे
ranapur,रानापुर,रणनपुर
rabin,राबिन,रबीन
robin,राबिन,रॉबिन
rabha,राभा,रभा
ramkot,रामकोट,रामकोट
ramkote,रामकोट,रामकोटे
ramtek,रामटेक,रामतेक
rampur,रामपुर,रमपुर
rambharose,रामभरोसे,रामभोरोस
rambharosey,रामभरोसे,रामभोरेसी
ramraj,रामराज,रममाज
raalod,रालोद,रालोद
ralaud,रालोद,रालोद
ralod,रालोद,रालोड
ravaley,रावले,रावले
ravle,रावले,रावले
rasayanik,रासायनिक,रसययनिक
racreation,रिक्रिएशन,रेक्रिएंश
recreation,रिक्रिएशन,रिकिरेटीन
rig,रिग,रिज
riggs,रिग्स,रिग्स
rigs,रिग्स,रिग्स
richual,रिचुअल,रिचुआल
ritual,रिचुअल,रिचुअल
reduction,रिडक्शन,रेडक्शन
ripan,रिपन,रिपान
ripon,रिपन,राइपों
ria,रिया,रिया
riya,रिया,रिया
rishte,रिश्ते,रिश्ते
rishtey,रिश्ते,रिश्ते
risane,रिसने,रिसने
risaney,रिसने,रिसने
risne,रिसने,रिसने
rihana,रिहाना,रिहाना
rihanna,रिहाना,रिहन्ना
regal,रीगल,रेगल
rigal,रीगल,रिगल
reasonal,रीजनल,रिजोनल
regional,रीजनल,रेजियल
retreate,रीट्वीट,रीटरेट
retweet,रीट्वीट,रिव्वीट
reeta,रीता,रीता
rita,रीता,रीता
rukate,रुकते,रुकते
rukte,रुकते,रुकते
ruktey,रुकते,रुकते
rugan,रुग्ण,रूग्ण
rugna,रुग्ण,रूग्ण
ruganta,रुग्णता,रुगांता
rugnata,रुग्णता,रूग्णता
rojvelt,रुजवेल्ट,रॉजवल्ट
roojwelt,रुजवेल्ट,रूज़वल्ट
roosevelt,रुजवेल्ट,रूज़वल्ट
rodolph,रुडोल्फ,रोडोल्फ
rudolf,रुडोल्फ,रूडोल्फ
rudolph,रुडोल्फ,रूडोल्फ
roopesh,रुपेश,रूपेश
rupesh,रुपेश,रूपेश
ruby,रुबी,रूबी
roomani,रुमानी,रूमनी
rumani,रुमानी,रूमानी
rukavaton,रूकावटों,रुकावटों
root,रूट,रुट
route,रूट,राउत
rooting,रूटिंग,रूटिंग
routine,रूटिंग,रूउटन
routing,रूटिंग,रूटिंग
roots,रूट्स,रुट्स
routes,रूट्स,राॅट्स
roopak,रूपक,रुपक
rupak,रूपक,रुपक
roopi,रूपी,रूपी
rupi,रूपी,रूपी
rantle,रेंटल,रांटल
rental,रेंटल,रेंटल
registan,रेगिस्तान,रजिस्टान
registani,रेगिस्तानी,रजिस््नानी
reja,रेजा,रेजा
reza,रेजा,रेजा
rate,रेट,रैट
rate,रेत,रैट
ret,रेत,रेट
refaeli,रेफेली,रिफेली
refeli,रेफेली,रेफेली
reshe,रेशे,रेश
reshey,रेशे,रेश्य
race,रेस,रेस
rese,रेस,रीज
racer,रेसर,रेसर
recer,रेसर,रेसर
racing,रेसिंग,रेसिंग
reson,रेसों,रेसों
rehaana,रेहाना,रेहाना
rehana,रेहाना,रेहाना
racketeer,रैकेटियर,रैकेटियर
racketier,रैकेटियर,रैकेटियर
rectare,रैकेटियर,रेक्ेरे
radical,रैडिकल,रेडिकल
raidical,रैडिकल,रेडिकल
raith,रैथ,रैठ
rapping,रैपिंग,रैपिंग
wrapping,रैपिंग,वैपरिंग
robertsan,रॉबर्टसन,रॉबर्ट्सन
robertson,रॉबर्टसन,राबर्टनस
robinson,रॉबिंसन,रॉबिंसन
royals,रॉयल्स,रॉयल्स
rojlin,रोजलिन,रोजलिन
rozlyn,रोजलिन,रोजलिन
rotation,रोटेशन,रोटेशन
rodrigo,रोड्रिगो,रोड्रिगो
ronaldo,रोनाल्डो,रोनाल्डो
ronit,रोनित,रोनित
roni,रोनी,रोनी
ropane,रोपने,रोपने
ropaney,रोपने,रोपने
ropne,रोपने,रोपने
robin,रोबिन,रॉबिन
roya,रोया,रोया
rollers,रोलर्स,रॉलर्स
rovan,रोवन,रोवन
rowan,रोवन,रॉवन
rosario,रोसारियो,रोसरियो
rosariyo,रोसारियो,रोसरियो
raubadaar,रौबदार,रौबददार
raubadar,रौबदार,राबददार
raubdar,रौबदार,रौबद्र
landara,लंगड़ा,लांदारा
langada,लंगड़ा,लंगदा
langda,लंगड़ा,लांगड़ा
langar,लंगर,लंगार
langaron,लंगरों,लंगारों
langron,लंगरों,लांगरों
lambi,लंबी,लंबी
lakeer,लकीर,लकीर
lakir,लकीर,लाकिर
lakiron,लकीरों,लाकिरों
lakme,लक्मे,लकमे
lakshmidhar,लक्ष्मीधर,लक्ष्मीधार
lakshmighar,लक्ष्मीधर,लक्ष्मीघार
lakshy,लक्ष्य,लक्ष्य
lakshya,लक्ष्य,लक्ष्य
lakshyon,लक्ष्यों,लक्ष्यों
lux,लक्स,लक्स
laksar,लक्सर,लकसर
luxor,लक्सर,लॉक्सर
lakhkhi,लख्खी,लख्खी
lagna,लगना,लगना
laganewale,लगनेवाले,लगनेवाले
lagnevaaley,लगनेवाले,लगनेवाले
lagnewale,लगनेवाले,लगनेवाले
lagega,लगेगा,लगेगा
lajjalu,लज्जालु,लजललू
latkate,लटकाते,लटकते
ladki,लड़की,लड़की
ladate,लड़ते,लादते
ladte,लड़ते,लड़ते
ladaai,लड़ाई,लड़ाई
ladai,लड़ाई,लड़ाई
ladaaiyon,लड़ाईयों,लड़ाइयों
ladaeyon,लड़ाईयों,लड़ाइयों
ladaiyon,लड़ाईयों,लड़ाइयों
lapetane,लपेटने,लपेटने
lapetne,लपेटने,लेपने
labada,लबादा,लाबदा
lbada,लबादा,लबाड़ा
labdh,लब्ध,लाब्ध
lbdh,लब्ध,ल्ब्ध
lalak,ललक,लालक
lalkarata,ललकारता,लालकराता
lalkarta,ललकारता,लालकर्ता
lalla,लल्ला,लाला
lavasa,लवासा,लावसा
lovasa,लवासा,लोवासा
lassi,लस्सी,लससी
lahanaa,लहना,लहना
lahna,लहना,लहना
lehna,लहना,लहना
lahraee,लहराई,लहरायी
lahrai,लहराई,लहरायी
lehrayi,लहराई,लहरायी
lahalhati,लहलहाती,लहलाहटी
lahlahaati,लहलहाती,लहलाहती
lahlahati,लहलहाती,लहलाहती
lahsun,लहसुन,लाहसून
lasoon,लहसुन,लसून
lanchar,लांचर,लंचार
launcher,लांचर,लांचर
lycopene,लाइकोपिन,लाइपोकन
lime,लाइम,लाइम
lives,लाइव्स,लाइव
live,लाईव,लाइव
laegi,लाएगी,लाएगी
lagataar,लागातार,लगातार
lagatar,लागातार,लगातार
laata,लाता,लाटा
lata,लाता,लता
laati,लाती,लाती
lati,लाती,लती
layega,लायेगा,लाएगा
lalpur,लालपुर,लालपुर
las,लास्ट,लास
last,लास्ट,लॉस्ट
lindbhed,लिंगभेद,लिंदभेद
lingbhed,लिंगभेद,लिंग्वेद
lindan,लिंडन,लिंडन
lindn,लिंडन,लिंडन
lindon,लिंडन,लिंडों
likhakar,लिखकर,लिखाकर
likhkar,लिखकर,लिखकर
ligar,लिगर,लीगर
liger,लिगर,लाइजर
liberation,लिबरेशन,लाइबरेशन
libration,लिबरेशन,लाइब्रेशन
liberation,लिब्रेशन,लाइबरेशन
libration,लिब्रेशन,लाइब्रेशन
leaderon,लीडरों,लीडरों
leedaron,लीडरों,लीडारों
lidaron,लीडरों,लीडरों
liidaron,लीडरों,लीदारों
louis,लुईस,लुइस
luis,लुईस,लुइस
ludhakate,लुढ़कते,लुधकाे
ludhkate,लुढ़कते,लुढ़कते
lurhakate,लुढ़कते,लुढ़कते
lutf,लुत्फ,लट
lumding,लुमडिंग,लुमडिंग
lootmaar,लूटमार,लुटमार
lootmar,लूटमार,लुटमार
landal,लेंडल,लंडाल
lendal,लेंडल,लेंडडल
lega,लेगा,लेगा
legaa,लेगा,लेगा
letakar,लेटकर,लेटाकार
letkar,लेटकर,लेटकर
lenevali,लेनेवाली,लेनेवाली
lenewali,लेनेवाली,लेनेवाली
label,लेबल,लेबेल
labeling,लेबलिंग,लेबलिंग
labelling,लेबलिंग,लेबलिंग
labelo,लेबलों,लेबेलो
labelon,लेबलों,लेबलों
lebalon,लेबलों,लेबलों
lemon,लेमन,लेमोन
laingadan,लैंगडन,लैंगड़न
langdon,लैंगडन,लांगड़ों
lengdan,लैंगडन,लेंग्ना
laigikata,लैंगिकता,लैगिकता
laingikta,लैंगिकता,लैंगिकता
lanset,लैंसेट,लांसेट
lenset,लैंसेट,लेंस्ट
lairi,लैरी,लायरी
lairy,लैरी,लेयरी
larry,लैरी,लेरी
lace,लैस,लेस
less,लैस,लेश
locket,लॉकेट,लॉकेट
laundry,लॉन्ड्री,लॉंडड्री
longewal,लोंगोवाल,लोंगेवाल
longewala,लोंगोवाल,लोंगेवाला
longoval,लोंगोवाल,लंगोवॉल
log,लोग,लॉग
loge,लोगे,लोगे
lochdar,लोचदार,लोचदार
lodi,लोदी,लेडी
laurence,लौरेंस,लारेंस
laurens,लौरेंस,लारेंस
laurense,लौरेंस,लारेंस
wonder,वंडर,वंडर
vansh,वंश,वंश
vanshdhar,वंशधर,वंशधर
vanshavad,वंशवाद,वंशावद
vanshvaad,वंशवाद,वंशवाद
vanshvad,वंशवाद,वंश्वाद
wanshwad,वंशवाद,वंशवाद
vajood,वजूद,वाजूद
vajud,वजूद,वाजूद
wajood,वजूद,वाजूद
vadali,वडाली,वदली
vadli,वडाली,वदली
wadali,वडाली,वादली
vanita,वनिता,वनीता
vareinye,वरेण्य,वरेनेय
varenya,वरेण्य,वेरेन्य
varn,वर्ण,वर्न
varna,वर्ण,वरना
varnit,वर्णित,वारणीत
vartamaan,वर्तमान,वर्तमान
vartaman,वर्तमान,वार्तमान
vartmaan,वर्तमान,वर्तमान
vartman,वर्तमान,वार्तमान
varddhaman,वर्द्धमान,वर्दधामन
vardhmaan,वर्द्धमान,वर्धमान
vardhman,वर्द्धमान,वर्धमान
verbal,वर्बल,वर्बल
varshan,वर्शन,वर्षण
vasharan,वर्शन,वाशरण
vershan,वर्शन,वर्षण
version,वर्शन,वर्सिन
varsaache,वर्साचे,वर्साचे
varsaryache,वर्साचे,वर्ससर्च
vasearche,वर्साचे,वसर्चे
valkan,वल्कन,वाल्कन
valkkan,वल्कन,वाल्कन
velkan,वल्कन,वेलकन
vash,वश,वाश
vashikaran,वशीकरण,वाष्पीकरण
vaangchuk,वांगचुक,वांगचुक
vangchuk,वांगचुक,वंगचुक
wangchuk,वांगचुक,वांगुक
want,वांट,वंत
vije,वाइज,वीजे
vise,वाइज,वाइस
wise,वाइज,वाइस
vatar,वाटर,वाटर
water,वाटर,वेटर
watson,वाटसन,वत्सन
wattson,वाटसन,वत्स्सन
vaan,वाण,वान
waan,वाण,वान
vaanon,वाणों,वानों
vanon,वाणों,वनों
wanon,वाणों,वनों
vatanukulan,वातानुकूलन,वातानुकूलन
watanukoollan,वातानुकूलन,वातानुकूलन
vaadak,वादक,वादक
vadak,वादक,वादक
vaadiyon,वादियों,वादियों
vadiyon,वादियों,वादियों
wadiyon,वादियों,वाडियों
vayana,वायना,वायना
vayna,वायना,वयना
wayna,वायना,वायना
wireless,वायरलेस,वायरलेस
wirerless,वायरलेस,वायरलेस
warrior,वारियर्स,वारियर
warriors,वारियर्स,वारियर्स
valve,वाल्व,वाल्वे
wolv,वाल्व,वॉल्व
vastavik,वास्तविक,वास्तविक
vastvik,वास्तविक,वास्तविक
vaahikayen,वाहिकाएं,वाहियां
vahikayen,वाहिकाएं,वाहिकाएं
wahikayan,वाहिकाएं,वाहियां
winter,विंटर,विंटर
vincent,विंसेंट,विंसेंट
vikalpon,विकल्पों,विकल्पों
wicket,विकेट,विकेट
vikramjeet,विक्रमजीत,विक्रमीज
vikramjit,विक्रमजीत,विक्रमिज
vichaarakon,विचारकों,विचारकों
vicharakon,विचारकों,विचारकों
vigyan,विज्ञान,विज्ञान
vigyaani,विज्ञानी,विज्ञानी
vigyani,विज्ञानी,विज्ञानी
vigyaanon,विज्ञानों,विज्ञानों
vigyanon,विज्ञानों,विज्ञानों
vitthal,विट्ठल,वित्थल
viththal,विठ्ठल,विथतथल
vitthal,विठ्ठल,वित्थल
vitark,वितर्क,वितर्क
vidhaaein,विद्याएं,विधाएं
vidyaayein,विद्याएं,विद्याएं
vidyaen,विद्याएं,विदययां
vidhaaon,विद्याओं,विधाओं
vidyaaon,विद्याओं,विदयाओं
vidyaon,विद्याओं,विदययों
vidhansabhaein,विधानसभाएं,विधानसंबाएं
vidhansabhaen,विधानसभाएं,विधानसंबाएं
vidhivat,विधिवत,विध्येत
vidhut,विधुत,विद्युत्त
vinasht,विनष्ट,विनाश्ट
vineet,विनीत,विनीत
vinit,विनीत,विनीत
vipreetataa,विपरीतता,विप्रीतता
vipritata,विपरीतता,विप्रितता
vipra,विप्रा,विप्र
vipro,विप्रो,विप्रो
wipro,विप्रो,विप्रो
vibha,विभा,विभा
vibhajak,विभाजक,विभाजक
vibhram,विभ्रम,विभ्रम
vibhrm,विभ्रम,विभर्म
vibram,विभ्रम,वाइब्राम
vimarsh,विमर्श,विमर्श
vimarsho,विमर्शों,विमर्शों
vimarshon,विमर्शों,विमर्शों
virajati,विराजती,विराजती
virechan,विरेचन,विरेचन
virodh,विरोध,विरोध
virodhabhasi,विरोधाभासी,विरोधाबासी
virodhabhason,विरोधाभासों,विरोधाबासों
vividh,विविध,विविध
vivekahin,विवेकहीन,विवेकाहीन
vivekheen,विवेकहीन,विवेखीन
visheshan,विशेषण,विशेषण
visheshanon,विशेषणों,विशेषणों
visheshaadhikaar,विशेषाधिकार,विशेषाधिकार
visheshadhikar,विशेषाधिकार,विशेषाधिकार
vishwasaniy,विश्वसनीय,विश्वासनीय
vishwasniiya,विश्वसनीय,विश्वनसीय
vishwasaniyata,विश्वसनीयता,विश्वासनीयता
vishwasniiyataa,विश्वसनीयता,विश्वासनीयता
vishahin,विषहीन,विशाहीन
vishhin,विषहीन,विश्हीन
vishanu,विष्णु,विषाणु
vishnu,विष्णु,विष्णु
vlc,वीएलसी,वीएलसी
weeks,वीक्स,वीक्स
veerchand,वीरचंद,वीरचंद
virchand,वीरचंद,वीरचंद
veeresh,वीरेश,विरेश
viresh,वीरेश,विरेश
vritton,वृत्तों,वृत्तों
vruton,वृत्तों,व्रूतों
vrutton,वृत्तों,वृत्तों
venkataraman,वेंकटरमन,वेंकटरमण
venkatraman,वेंकटरमन,वेंकटरमण
ved,वेड,वेद
wade,वेड,वादे
wed,वेड,वेड
wedding,वेडिंग,वेडिंग
vediyon,वेदियों,वेदियों
vedon,वेदों,वेदों
venezuela,वेनेजुएला,वेनेजुएला
veronica,वेरोनिका,वेरोनिका
veronika,वेरोनिका,वेरोनिका
weronika,वेरोनिका,वेरोनिका
velvet,वेलवेट,वेलवेट
welwet,वेलवेट,वेलवेट
welder,वेल्डर,वेल्डर
weldor,वेल्डर,वेलडोर
welding,वेल्डिंग,वेलिडिंग
wealth,वेल्थ,वेल्थ
vellur,वेल्लूर,वेलर
velur,वेल्लूर,वेलर
vesh,वेश,वेश
wasting,वेस्टिंग,वास्टिंग
westing,वेस्टिंग,वेस्टिंग
wastinghouse,वेस्टिंगहाउस,वास्टिंसाज
westinghouse,वेस्टिंगहाउस,वेस्टिंाउज
vaisley,वेस्ले,वैसले
vesle,वेस्ले,वेसले
wesle,वेस्ले,वेसले
vaigyaanik,वैज्ञानिक,वैग्यनिक
vaigyanik,वैज्ञानिक,वैग्यनिक
vegyanik,वैज्ञानिक,वेग्नानिक
vaigyaanikta,वैज्ञानिकता,वैग्यनिकता
vaigyanikata,वैज्ञानिकता,वैग्यनिकता
vaigyanikta,वैज्ञानिकता,वैग्यनिकता
vaitravati,वैत्रवती,वैत्रवती
vaitrawati,वैत्रवती,वैत्रवती
vaimanasy,वैमनस्य,वैमानसेय
vaimanasya,वैमनस्य,वैमनसीय
vaimanya,वैमनस्य,वैयमन्य
very,वैरी,वेरी
vaisaakh,वैशाख,वैसाख
vaishakh,वैशाख,वैशाख
vaishaakhi,वैशाखी,वैशाखी
vaishakhi,वैशाखी,वैशाखी
vaishnodevi,वैष्णोदेवी,वैश्नोदेवी
vyaktigat,व्यक्तिगत,व्यक्तिगत
vyagr,व्यग्र,व्यग्र
vyagra,व्यग्र,व्याग्र
vyatit,व्यतीत,व्यतित
vytit,व्यतीत,व्यतित
vyabhichar,व्यभिचार,व्याभिचार
vyabhichari,व्यभिचार,व्याभिचारी
vyavadhan,व्यवधान,व्यवधान
vyavdhan,व्यवधान,व्यवधान
vyavahargat,व्यवहारगत,व्यवहार्ग
vyvhargat,व्यवहारगत,व्यवह्रत
vyaghat,व्याघात,व्याघात
vyapak,व्यापक,व्यापक
vlad,व्लाद,व्लद
wlaad,व्लाद,व्लाद
vladimir,व्लादिमीर,व्लादीमीर
shanghai,शंघाई,शांगाई
shatpath,शतपथ,शत्पथ
shanivar,शनिवार,शनीवर
shaniwar,शनिवार,शनीवार
shabana,शबाना,शबनना
shbana,शबाना,शबाना
shabdarth,शब्दार्थ,शब्दार्थ
shamadan,शमादान,शमदान
shmadan,शमादान,शमदान
shamitabh,शमिताभ,शमीतल
shamil,शमिल,शमीमल
shmil,शमिल,शमील
sharabon,शराबों,शराबों
shrabon,शराबों,श्रबों
shararat,शरारत,शरारत
shrart,शरारत,श्रात्त
sharmana,शर्माना,शर्मना
shaharwasiyon,शहरवासियों,शहरवासियों
shahrvasiyon,शहरवासियों,शहरवासियों
shervasiyon,शहरवासियों,शेरवासियों
shahdara,शहादरा,शाहदरा
shaantikaal,शांतिकाल,शांतिकाल
shantikal,शांतिकाल,शांतिकाल
shaao,शाओ,शाओ
shao,शाओ,साओ
shaakir,शाकिर,शाकीर
shakir,शाकिर,शाकीर
shaakhaaen,शाखाएं,शाखाएं
shakhayan,शाखाएं,शखयान
shakhayen,शाखाएं,शाखाएं
shayak,शायक,शायक
shaavakon,शावकों,शावकों
shavakon,शावकों,शाकों
shavkon,शावकों,शावकों
shaasaka,शासक,शासका
shasak,शासक,शास
sasakon,शासकों,साकों
shaasakon,शासकों,शासकों
shasakon,शासकों,शासकों
shipra,शिप्रा,शिप्र
shirke,शिर्के,शररके
sheershakon,शीर्षकों,शीर्षकों
shirshakon,शीर्षकों,शीर्षकों
shirshkon,शीर्षकों,शीर्षकों
shujaat,शुजात,शुजात
shujat,शुजात,शुजात
shooting,शुटिंग,शूटिंग
shutting,शुटिंग,शट्टिंग
should,शुड,शॉल्ड
shud,शुड,शूद
shubhankar,शुभंकर,शुभंकार
shumaali,शुमाली,शुमाली
shumali,शुमाली,शुमाली
shringaar,शृंगार,श्रृंगार
shringar,शृंगार,श्रृंगार
shrungar,शृंगार,श्रृंगार
sheling,शेलिंग,शेलिंग
shelling,शेलिंग,शेलिंग
shaili,शैली,शैली
shaly,शैली,शाल्य
sheli,शैली,शेली
shaishav,शैशव,शैशाव
sean,शॉन,सिएन
shaun,शॉन,शोन
shawn,शॉन,शून्न
short,शोर्ट,शोर्ट
sure,श्योर,सुरे
shrankhala,श्रंखला,श्रृंखला
shrankhalaa,श्रंखला,श्रृंखला
shrunkhla,श्रंखला,शृंखला
shrankhalaaon,श्रंखलाओं,श्रृंखलाओं
shrinkhalaon,श्रंखलाओं,शृंखलाओं
shrunkhlaon,श्रंखलाओं,शृंखलाओं
shravani,श्रावणी,श्रवानी
shrikar,श्रीकर,श्रीकार
shrikhand,श्रीखंड,श्रीखंड
shrimati,श्रीमति,श्रीमती
shriram,श्रीराम,श्रीराम
sriram,श्रीराम,श्रीराम
shrotaon,श्रोताओं,श्रोताओं
shat,षट्,व्हाट
sankhyaein,संख्याएं,संख्याएं
sankhyaen,संख्याएं,संख्याएं
sankhyayen,संख्याएं,संख्याएं
sanghanit,संघनित,संघानित
sanghnit,संघनित,संघनित
sanchayan,संचयन,संचायन
sanchar,संचार,सांचार
sanchaari,संचारी,संचारी
sanchari,संचारी,संचारी
sanchalanon,संचालनों,संचलनों
sanchalnon,संचालनों,संचलनों
sanjay,संजय,संजय
sanjeevan,संजीवन,संजीवन
sanjivan,संजीवन,संजीवन
santati,संतति,संतती
sandarbh,संदर्भ,संदर्भ
sandarbha,संदर्भ,सांदर्भ
sandrbh,संदर्भ,संदर्भ
sandarbhon,संदर्भों,संदर्भों
sandrbhon,संदर्भों,संद्रभों
sandali,संदली,संदाली
sandli,संदली,संंडली
sandhan,संधान,संधन
samprati,संप्रति,संप्रती
samprti,संप्रति,संप्रती
samprabhu,संप्रभु,संप्रभु
samprbhu,संप्रभु,संप्रभु
samprabhuta,संप्रभुता,संप्रभुता
samprbhuta,संप्रभुता,संप्रभुता
sambit,संबित,संबित
sambhalane,संभालने,संभालने
sambhalne,संभालने,संभालने
sambhrant,संभ्रांत,संभररांत
sanbharnt,संभ्रांत,संभारण
sanyog,संयुक्त,संयोग
sanyukt,संयुक्त,संयुक्त
sanyukta,संयुक्त,संयुक्त
sanyukta,संयुक्ता,संयुक्त
sanyogvash,संयोगवश,संयोगशव
sanyojan,संयोजन,संयोजन
sanyojanon,संयोजनों,संयोजनों
sanyojnon,संयोजनों,संयोजनों
samvedikaran,संवेदीकरण,संवेदीकरण
sanvedikaran,संवेदीकरण,संवेदीकरण
samshayon,संशयों,सम्शयों
sanshayon,संशयों,संषयों
sanshyon,संशयों,संश्यों
sanskaar,संस्कार,संस्कार
sanskar,संस्कार,संस्कर
sanskaari,संस्कारी,संस्कारी
sanskari,संस्कारी,संस्करी
sanskrit,संस्कृत,संस्कृत
sanskurt,संस्कृत,संस्कृत
sanskritiyan,संस्कृतियां,संस्तुतियां
sanskrutiyan,संस्कृतियां,संस्तुतियां
sanskritiyon,संस्कृतियों,संस्तुतियां
sanskrutiyon,संस्कृतियों,संस्तुतियां
sanasthit,संस्थित,सनस्थित
sansthit,संस्थित,संस्थित
sanasthita,संस्थिता,सनस्थित
sansthita,संस्थिता,संस्थिता
sakara,सकरा,सकरा
sakra,सकरा,सक्र
sakshan,सक्शन,सक्षण
suction,सक्शन,सक्शन
sacchidanand,सच्चिदानंद,सच्चिनदानंद
sachhidanand,सच्चिदानंद,सच्चिदंधन
sachidanand,सच्चिदानंद,सचीदननदंड
sajja,सज्जा,सज्जा
sat,सत,सात
satpal,सतपाल,सत्पाल
satluj,सतलुज,सतलुज
sataane,सताने,सताने
satane,सताने,सताने
sate,सते,साते
satti,सत्ती,सट्टी
satvat,सत्वत,सात्वत
sadanand,सदानंद,सदानंद
sapane,सपने,सपने
sapne,सपने,सपने
sapney,सपने,सपने
saparivaar,सपरिवार,सपपिवरार
sapariwar,सपरिवार,सपपीवर
sparivar,सपरिवार,स्परिवार
sapaat,सपाट,सपात
sapat,सपाट,सपपत
sapate,सपाटे,सपते
sapatey,सपाटे,सपते
saptakranti,सप्तक्रांति,सप्तक्रमणति
saptkraanti,सप्तक्रांति,सप्तकारंति
saptapadi,सप्तपदी,सप्तपपदी
saptpadi,सप्तपदी,सप्तप्री
saptari,सप्तरी,सप्तारी
sapramaan,सप्रमाण,सप्रमण
sapraman,सप्रमाण,सप्रमण
submit,सबमिट,सबमिटि
sabmission,सबमिशन,सबमिशन
submission,सबमिशन,सब्मिशन
sabhaein,सभाएं,सभाएं
sabhaen,सभाएं,सभाएं
sabhayen,सभाएं,सभायें
sabhen,सभाएं,सभें
sabhasadon,सभासदों,सभासदों
sabhyata,सभ्यता,सभ्यता
samjhoonga,समझूंगा,समझौंगा
samjhunga,समझूंगा,समझुंगा
samjhungaa,समझूंगा,समझुंगा
saman,समन,समान
samanvayaka,समन्वयक,समन्वयका
samanwayaka,समन्वयक,समन्वयका
samnvyak,समन्वयक,सामन्यक
samaadhaan,समाधान,समाधान
samadhan,समाधान,समाधन
samadhiyon,समाधियों,समाधियों
samadjiyon,समाधियों,समाज्जियों
samalakha,समालखा,समालखा
samalakhaa,समालखा,समालखा
samahaar,समाहार,समाहार
samahar,समाहार,समाहार
samitiyan,समितियां,समितियां
sametati,समेटती,समेटती
sametti,समेटती,समेटी
sarka,सरका,सर्क
sarkaa,सरका,सरका
sarkarein,सरकारें,सरकारें
sarkaren,सरकारें,सरकारें
sarkaaron,सरकारों,सरकारों
sarkaron,सरकारों,सरकारों
sargana,सरगना,सर्गना
sarganaon,सरगनाओं,सरगणणाओं
sargi,सरगी,सार्गी
sarguja,सरगुजा,सरगगजा
sarjuga,सरगुजा,सरजुगा
sarsa,सरसा,सरसा
sarsaa,सरसा,सरसा
sarahind,सरहिंद,सराहिंद
sarhind,सरहिंद,सरहिंद
sirhind,सरहिंद,सिरहिंद
saraaha,सराहा,सराह
saraha,सराहा,सराह
saraahi,सराही,सराही
sarahi,सराही,सराही
salaahkar,सलाहकार,सलाहकर
salahkaar,सलाहकार,सलाहकर
salahkar,सलाहकार,सलाहकर
saleeb,सलीब,सलीब
salib,सलीब,सालिब
select,सलेक्ट,सेलेक्ट
saltanat,सल्तनत,सल्टनात
saltnat,सल्तनत,सल्टनात
savaal,सवाल,सवाल
saval,सवाल,सवल
sawaal,सवाल,सवाल
sawal,सवाल,सवल
sahakalaakar,सहकलाकार,सहकलाकार
sahakalakar,सहकलाकार,सहकलाकार
sahkalakar,सहकलाकार,सहकलाकर
sahadev,सहदेव,सहदेव
sahdev,सहदेव,सहदेव
sahrawat,सहरावत,सहरावत
sherawat,सहरावत,शेरावत
sahooliyata,सहूलियत,सहूलियता
sahuliyat,सहूलियत,सहूलियत
sahuuliyata,सहूलियत,सहूलियता
saanketika,सांकेतिक,सांकेतिका
sanketik,सांकेतिक,संकेतिक
saimans,साइमंस,सैमांस
simmons,साइमंस,सिमंंस
symons,साइमंस,सायमोंस
saima,साइमा,सैमा
sagarika,सागरिका,सागरिका
sagrika,सागरिका,सगरीका
saga,सागा,साा
saajan,साजन,साजन
sajan,साजन,सजन
saajsajja,साजसज्जा,साजसजज
sajsajja,साजसज्जा,सजस्जज
saja,साजा,सजा
saathsaath,साथसाथ,साठसाथ
sathsath,साथसाथ,साठसथ
sathiya,साथिया,साथिया
saabah,साबाह,साबाह
sabah,साबाह,सबाह
samanjasy,सामंजस्य,समंजस्य
samanjasya,सामंजस्य,समजमस्या
samoa,सामोआ,समोया
samoaa,सामोआ,समोा
saayn,सायं,सायन
sayan,सायं,सायन
saym,सायं,सायम
saira,सायरा,सैरा
sayara,सायरा,सययरा
sayra,सायरा,सैयरा
salve,साल्वे,सल्वे
sahab,साहब,सहाब
singapore,सिंगापुर,सिंगपोर
singaar,सिंगार,सिंगार
singar,सिंगार,सिंगार
singer,सिंगार,सिंगर
singhaadey,सिंघाड़े,सिंहदड़े
singhade,सिंघाड़े,सिंघाड़े
singhde,सिंघाड़े,सिंहदे
singhre,सिंघाड़े,सिंहरे
singhi,सिंघी,सिंघी
singha,सिंहा,सिन्हा
sinha,सिंहा,सिन्हा
siera,सिएरा,सियरा
sierra,सिएरा,सियरा
sikud,सिकुड़,सीक्ड़
signals,सिगनल्स,सिग्नल्स
cigaretton,सिगरेटों,सिगरेटों
cigretton,सिगरेटों,सिग्रेटन
siddhivat,सिद्धवट,सिद्धिवत
siddhvat,सिद्धवट,सिद्धवत
siddhwat,सिद्धवट,सिद्धवत
sinabang,सिनाबंग,सिनाबंग
synapse,सिनेप्स,साइनप्स
sipah,सिपाह,सीपह
sipaha,सिपाह,सिपहा
sipahiyon,सिपाहियों,सिपहियों
sipahi,सिपाही,सिपही
sim,सिम,सीम
simat,सिमट,सीमत
simatataa,सिमटता,सीमटता
simatta,सिमटता,सिम््ता
simtata,सिमटता,सिम््ता
simtataa,सिमटता,सिम्तता
cement,सिमटे,सीमेंट
simate,सिमटे,सीमेट
simi,सिमी,सिमी
simmy,सिमी,सिमी
sims,सिम्स,सिम्स
siyasi,सियासी,सियसी
siyah,सियाह,सियाह
siyaha,सियाह,सियाहा
sirpur,सिरपुर,सीरपुर
sivan,सिवान,सिवान
siwan,सिवान,सिवान
sisva,सिसवा,सिस्व
siswa,सिसवा,सिस्वा
cil,सीआईएल,सीएल
csi,सीएसआई,सीसीए
sikar,सीकर,सीकर
seaten,सीटें,सीटन
sitaram,सीताराम,सीताराम
sitaharan,सीताहरण,सिताहरण
cpm,सीपीएम,सीपीएम
cps,सीपीएस,सीपीएस
cbse,सीबीएसई,सीबेएस
seem,सीम,सीम
sim,सीम,सीम
sealed,सील्ड,सील्ड
shield,सील्ड,शील्ड
ccd,सीसीडी,सीसीडी
sugamata,सुगमता,सुगमता
sugmta,सुगमता,सुगमता
sujan,सुजेन,सुजन
sujen,सुजेन,सुजें
suken,सुजेन,सुकें
sujain,सुजैन,सुजैन
sujhaati,सुझाती,सुझाती
sujhati,सुझाती,सुझाती
sutali,सुतली,सुतली
sutli,सुतली,सुतली
suta,सुता,सूता
sdueep,सुदीप,स्डुअप
sudip,सुदीप,सुदीप
sudhaargrah,सुधारगृह,सुधारग्रह
sudhargrih,सुधारगृह,सुधारग्रह
sudhargruh,सुधारगृह,सुधारगृह
sunaaron,सुनारों,सुनारों
sunaron,सुनारों,सुनारों
sunaseer,सुनासीर,सुनासीर
sunasir,सुनासीर,सुनासर
suneeti,सुनीति,सुनीति
suniti,सुनीति,सुनीति
sunega,सुनेगा,सुनेगा
suneyga,सुनेगा,सुनेगा
superhit,सुपरहिट,सुपरहीत
supachy,सुपाच्य,सुपाचीय
supachya,सुपाच्य,सुपाच्य
supachye,सुपाच्य,सुपाच्य
subhaay,सुभाय,सुभाय
subhay,सुभाय,सुभाय
surveen,सुरवीन,सुरवीन
survin,सुरवीन,सर्विन
surana,सुराणा,सुराना
sulkhan,सुलखान,सुलखान
suljaayi,सुलझाई,सुलझायी
suljayi,सुलझाई,सुलझायी
suljhai,सुलझाई,सुलझाई
sulzai,सुलझाई,सुलझाई
sultana,सुलताना,सुल्ताना
sulaati,सुलाती,सुलाती
sulati,सुलाती,सुलती
susanskrit,सुसंस्कृत,सुसंस्कृत
susanskrut,सुसंस्कृत,सुसंस्कृत
suhagin,सुहागिन,सुहागीन
soond,सूंड़,सूंड
sund,सूंड़,सूंड
suiyan,सूइयां,सूइयां
sukhati,सूखती,सूखती
sukhti,सूखती,सूखती
sukhakar,सूखाकर,सुखाकर
soochak,सूचक,सूचक
suchak,सूचक,सुचाक
sooja,सूजा,सूजा
suja,सूजा,सुजा
suba,सूबा,सबा
sube,सूबे,सुबे
sooraj,सूरज,सूरजज
suraj,सूरज,सुराज
surinaam,सूरीनाम,सुरीनाम
surinama,सूरीनाम,सुरीनामा
suriname,सूरीनाम,सुरीनेम
suryadev,सूर्यदेव,सूर्यदेव
sendha,सेंधा,सेंधा
senvai,सेंवई,सेनवाई
sevai,सेंवई,सेवाई
sensing,सेंसिंग,सेंसिंग
sexual,सेक्सुअल,सेक्सल
saturday,सेटरडे,सतुरदाय
seti,सेटी,सेती
seto,सेटो,सीतों
seth,सेथ,सेठ
safety,सेफ्टी,सेफ़्टी
semen,सेमिन,सिमेन
semin,सेमिन,सेमिन
self,सेल्फ,सेल्फ
selfie,सेल्फी,सेल्टी
save,सेव,सावे
sev,सेव,सेव
sevakon,सेवकों,सेवकों
sevkon,सेवकों,सेवकों
samuels,सैम्युल्स,सम्यूल्स
celery,सैलरी,सेलेरी
salary,सैलरी,सैलारी
sakar,सॉकर,साकार
socar,सॉकर,सोकर
soccer,सॉकर,सॉसर्स
songs,सॉन्ग्स,सोंग्स
solicitor,सॉलिसिटर,सॉलीसिटर
sochane,सोचने,सोचने
sochne,सोचने,सोचने
sonu,सोनू,सोनु
soma,सोमा,सोमा
spma,सोमा,स्प्मा
somi,सोमी,सोमी
soy,सोय,सॉय
soya,सोया,सोया
solitaire,सोलिटेयर,सॉलीएटर
soharai,सोहराई,सोहराई
sohrai,सोहराई,सोहराई
sohaval,सोहावल,सोहवाल
sohawal,सोहावल,सोहवाल
saunpane,सौंपने,सौंपने
sonpne,सौंपने,सौंपने
scala,स्काला,स्काला
skala,स्काला,सकला
ski,स्की,सीकी
scootaron,स्कूटरों,स्कूटरों
scooteron,स्कूटरों,स्कूटरों
skootaron,स्कूटरों,स्कूतरों
scandinavia,स्कैंडिनेविया,स्कंडिनेविया
scaining,स्कैनिंग,स्केनिंग
scanning,स्कैनिंग,स्कैनिंग
squash,स्क्वाश,स्क्वाश
squash,स्क्वैश,स्क्वाश
skhalan,स्खलन,स्खलन
stain,स्टैन,स्टेन
stan,स्टैन,स्तान
stop,स्टॉप,स्टॉप
stops,स्टॉप्स,स्टॉप्स
stone,स्टोन,स्टोन
straws,स्ट्रास,स्ट्रास्स
stress,स्ट्रास,स्ट्रेस
stra,स्ट्रे,स्ट्रा
stray,स्ट्रे,स्ट्रे
stre,स्ट्रे,स्त्रे
strocks,स्ट्रोक्स,स्ट्रक््स
strokes,स्ट्रोक्स,स्ट्रोक्स
stan,स्तन,स्तान
stanadhari,स्तनधारी,स्तनधारी
standhaari,स्तनधारी,स्तंधारी
standhari,स्तनधारी,स्तंधारी
sthiti,स्तिथि,स्थीति
stithi,स्तिथि,स्तीथी
stuti,स्तुति,स्तूटी
sthitiyaan,स्थितियां,स्थितियां
sthitiyan,स्थितियां,स्थितियां
sthitiyon,स्थितियों,स्थितियों
sthool,स्थूल,स्थूल
sthul,स्थूल,स्थुल
sthoolta,स्थूलता,स्थूलता
sthulata,स्थूलता,स्थूलता
sneakers,स्नीकर्स,स्नीकर्स
snickers,स्नीकर्स,स्निकर्स्स
snikarse,स्नीकर्स,स्नाकर्सस
spear,स्पीयर,स्पेयर
spell,स्पेल,स्पेल
spelar,स्पेलर,स्पेलर
speller,स्पेलर,स्पेलर
sprint,स्प्रिट,स्प्रिंट
sprit,स्प्रिट,स्प्रित
spray,स्प्रे,स्प्रेय
spry,स्प्रे,स्प्री
sfoorti,स्फूर्ति,स्फूर्ती
sfurti,स्फूर्ति,स्फूर्ती
sphoorti,स्फूर्ति,स्फूर्ति
slide,स्लाइड,स्लाइड
slider,स्लाइडर,स्लाइडर
slaaidon,स्लाइडों,स्लाइडों
slidon,स्लाइडों,स्लाइडों
sliders,स्लाइड्स,स्लाइडर्स
slides,स्लाइड्स,स्लीड्स
slice,स्लाइस,स्लाइस
slash,स्लैश,स्लेश
swaroopon,स्वरुपों,स्वरूपों
swarupon,स्वरुपों,स्वरूपों
swa,स्वा,स्व
swaachaalit,स्वाचालित,स्वाचालित
swachalit,स्वाचालित,स्वचालित
swaarthparak,स्वार्थपरक,स्वार्थपरक
swarthparak,स्वार्थपरक,स्वर्तपूर्वक
swiftlate,स्विफ्टलेट,स्विफल्टेट
swiftlet,स्विफ्टलेट,स्विफल्ट
sweekarte,स्वीकारते,स्वीकारते
swikarte,स्वीकारते,स्वीकारते
sweet,स्वीट,स्वीत
sweep,स्वीप,स्वीप
sweccha,स्वेच्छा,स्वेच्छा
swecha,स्वेच्छा,स्वेच्छा
swechha,स्वेच्छा,स्वेच्छा
sweta,स्वेता,स्वेता
swap,स्वैप,स्वप
swipe,स्वैप,स्वीप
handiya,हंडिया,हैंडिया
handiyaa,हंडिया,हंडिया
hundiya,हंडिया,हुंडिया
hakikat,हकीकत,हाकिकत
haqeeqat,हकीकत,हकीकत
hathiya,हथिया,हाथिया
hamala,हमला,हमाला
hamla,हमला,हमला
hamalavar,हमलावर,हमलावर
hamlavar,हमलावर,हमलावर
humlavar,हमलावर,हमलावर
hamaal,हमाल,हमाल
hamal,हमाल,हमल
hercules,हरक्यूलिस,हर्कल्स
hardas,हरदास,हरदास
harpaal,हरपाल,हरपाल
harpal,हरपाल,हरपाल
harvansh,हरवंश,हरवांश
haraval,हरावल,हरावल
harawal,हरावल,हरावल
hurricane,हरिकेन,हरीकने
harijan,हरिजन,हरीजन
hariyali,हरियाली,हरियाली
harshit,हर्षित,हर्षित
haldi,हल्दी,हल्दी
halla,हल्ला,हल्ला
hawamahal,हवामहल,हवामाहल
hawalaat,हवालात,हवालात
hawalat,हवालात,हवालत
hasino,हसीनों,हैसिनो
hasinon,हसीनों,हासिनों
haan,हां,हान
han,हां,हैन
haanfte,हांफते,हैंफते
hafate,हांफते,हफाते
hanfte,हांफते,हंफते
higman,हाइमन,हिग्मान
hymen,हाइमन,हायमन
hadauti,हाड़ौती,हदौती
haani,हानी,हानी
hani,हानी,हानी
haarjeet,हारजीत,हरजीत
harjeet,हारजीत,हरजीत
haaranaa,हारना,हरना
harana,हारना,हराना
harna,हारना,हरना
haalchaal,हालचाल,हलचचाल
haalchal,हालचाल,हालच
halchaal,हालचाल,हलचाल
halchal,हालचाल,हलचल
halt,हाल्ट,हल्ट
hault,हाल्ट,हॉल्ट
hahakar,हाहाकार,हहकर
hingis,हिंगिस,हींगिस
hindan,हिंडन,हिंदन
hindon,हिंडन,हिंदों
hijada,हिजड़ा,हिजड़ा
hijda,हिजड़ा,हिजड़ा
hijbul,हिजबुल,हिजबुल
hippo,हिप्पो,हिप्पो
hippopotamus,हिप्पोपोटेमस,हिपपोपोटामस
himali,हिमाली,हिमाली
hilane,हिलने,हिलाने
hilne,हिलने,हिलने
hisham,हिशाम,हिशम
heeraganj,हीरागंज,हीरागंज
hiraganj,हीरागंज,हीरागंज
heroes,हीरोज,हीरोइस
heros,हीरोज,हैरोस
hui,हुईं,हुइ
huin,हुईं,ह्इन
hooper,हूपर,हूपर
huppar,हूपर,हुपर
hupper,हूपर,हपर
hegde,हेगडे,हेगड़े
hemvati,हेमवती,हेमवती
hemwati,हेमवती,हेमवती
help,हेल्प,हेल्प
helper,हेल्पर,हेल्पर
haito,हैतो,हैतो
hairam,हैरम,हैराम
harem,हैरम,हरेम
herald,हैराल्ड,हेराल्ड
haive,हैव,हाइव
have,हैव,हेव
hong,हॉन्ग,होनग
half,हॉफ,हाफ
hoaf,हॉफ,होफ
hounga,होऊंगा,हाउंगा
holding,होल्डिंग,होल्डिंग
hoshangabaad,होशंगाबाद,होशनगबबा
hoshangabad,होशंगाबाद,होशनाबाबाद
hostes,होस्टेस,होस्सेस
hostess,होस्टेस,होस्टेस
